Data Source,World Development Indicators,,,,,,,,,,,,,,,,,,,,,,,,,,,,,,,,,,,,,,,,,,,,,,,,,,,,,,,,,,,,,,,,,
,,,,,,,,,,,,,,,,,,,,,,,,,,,,,,,,,,,,,,,,,,,,,,,,,,,,,,,,,,,,,,,,,,
Last Updated Date,19/09/2023,,,,,,,,,,,,,,,,,,,,,,,,,,,,,,,,,,,,,,,,,,,,,,,,,,,,,,,,,,,,,,,,,
,,,,,,,,,,,,,,,,,,,,,,,,,,,,,,,,,,,,,,,,,,,,,,,,,,,,,,,,,,,,,,,,,,
Country Name,Country Code,Indicator Name,Indicator Code,1960,1961,1962,1963,1964,1965,1966,1967,1968,1969,1970,1971,1972,1973,1974,1975,1976,1977,1978,1979,1980,1981,1982,1983,1984,1985,1986,1987,1988,1989,1990,1991,1992,1993,1994,1995,1996,1997,1998,1999,2000,2001,2002,2003,2004,2005,2006,2007,2008,2009,2010,2011,2012,2013,2014,2015,2016,2017,2018,2019,2020,2021,2022
Aruba,ABW,Rule of Law: Estimate,RL.EST,,,,,,,,,,,,,,,,,,,,,,,,,,,,,,,,,,,,,,,,,,,,,0.915526807,0.847438395,0.810431302,0.826464057,0.847226143,1.426206708,1.416113615,1.322458386,1.309788346,1.292504787,1.036310434,1.255770087,1.253774881,1.325272083,1.289509773,1.25625968,1.298944592,1.279571652,
Africa Eastern and Southern,AFE,Rule of Law: Estimate,RL.EST,,,,,,,,,,,,,,,,,,,,,,,,,,,,,,,,,,,,,,,,,,,,,,,,,,,,,,,,,,,,,,,
Afghanistan,AFG,Rule of Law: Estimate,RL.EST,,,,,,,,,,,,,,,,,,,,,,,,,,,,,,,,,,,,,-1.788075447,,-1.734886765,,-1.780660748,,-1.673473239,-1.5582937,-1.693925261,-1.662965536,-1.879004836,-1.852560043,-1.903307557,-1.876118779,-1.87005806,-1.922500134,-1.651893139,-1.609111547,-1.437044501,-1.49849236,-1.5123806,-1.577595592,-1.681357741,-1.727894425,-1.819897532,-1.871436119,
Africa Western and Central,AFW,Rule of Law: Estimate,RL.EST,,,,,,,,,,,,,,,,,,,,,,,,,,,,,,,,,,,,,,,,,,,,,,,,,,,,,,,,,,,,,,,
Angola,AGO,Rule of Law: Estimate,RL.EST,,,,,,,,,,,,,,,,,,,,,,,,,,,,,,,,,,,,,-1.630469322,,-1.527338624,,-1.601501703,,-1.633343816,-1.482855916,-1.520916343,-1.464794993,-1.31127274,-1.375133514,-1.378563881,-1.236289263,-1.272953272,-1.277053237,-1.304776907,-1.290795803,-1.074789524,-1.013800979,-0.99123174,-1.026077271,-0.986207545,-0.993774951,-0.913334012,-0.952415645,
Albania,ALB,Rule of Law: Estimate,RL.EST,,,,,,,,,,,,,,,,,,,,,,,,,,,,,,,,,,,,,-0.6844818,,-0.929671705,,-1.020667672,,-0.762321413,-0.716323495,-0.701032341,-0.763833165,-0.703135848,-0.661545992,-0.600079298,-0.494370162,-0.385760486,-0.442926466,-0.519839764,-0.518606007,-0.310979843,-0.298862904,-0.304018438,-0.395079285,-0.395619303,-0.402843326,-0.349165231,-0.256100863,
Andorra,AND,Rule of Law: Estimate,RL.EST,,,,,,,,,,,,,,,,,,,,,,,,,,,,,,,,,,,,,1.158362508,,1.177253962,,1.286165476,,1.223840594,1.055983305,1.194324493,0.966194272,0.85568583,1.168245077,1.186387658,1.21778512,1.197924614,1.399273753,1.401187778,1.401491046,1.638325453,1.570037246,1.568934083,1.595151544,1.598811984,1.572286963,1.68827486,1.715106249,
Arab World,ARB,Rule of Law: Estimate,RL.EST,,,,,,,,,,,,,,,,,,,,,,,,,,,,,,,,,,,,,,,,,,,,,,,,,,,,,,,,,,,,,,,
United Arab Emirates,ARE,Rule of Law: Estimate,RL.EST,,,,,,,,,,,,,,,,,,,,,,,,,,,,,,,,,,,,,0.688413978,,0.716092944,,0.655752897,,0.702703297,0.544806302,0.433262318,0.389575779,0.311535925,0.274766088,0.417219996,0.39927873,0.317414135,0.498547107,0.534359634,0.613574982,0.651266217,0.63697958,0.842403054,0.792877913,0.799744964,0.83439666,0.909197748,0.830101609,
Argentina,ARG,Rule of Law: Estimate,RL.EST,,,,,,,,,,,,,,,,,,,,,,,,,,,,,,,,,,,,,0.075552642,,-0.038881578,,-0.214404494,,-0.761098087,-0.777115822,-0.767380178,-0.557991087,-0.577015638,-0.601472259,-0.699731648,-0.694468081,-0.598094225,-0.563123286,-0.623034239,-0.656233191,-0.866434515,-0.731063604,-0.304281622,-0.219416529,-0.20049113,-0.408074647,-0.473045349,-0.462304175,
Armenia,ARM,Rule of Law: Estimate,RL.EST,,,,,,,,,,,,,,,,,,,,,,,,,,,,,,,,,,,,,-0.469098508,,-0.380856782,,-0.501016259,,-0.438531369,-0.302864641,-0.481950611,-0.388776749,-0.544567347,-0.496518046,-0.337751359,-0.468710691,-0.48135832,-0.437706411,-0.418281972,-0.340971231,-0.417796254,-0.445906013,-0.143536806,-0.191404387,-0.178264081,-0.157182589,-0.104187101,-0.095904246,
American Samoa,ASM,Rule of Law: Estimate,RL.EST,,,,,,,,,,,,,,,,,,,,,,,,,,,,,,,,,,,,,,,,,,,,,0.83959645,1.109415412,1.069221497,1.090919852,1.117979527,1.125054717,1.1112082,1.090952396,1.09636724,1.101331592,1.407080054,1.339797497,1.332199216,1.351925611,1.355713964,1.328052163,1.185078621,1.205229878,
Antigua and Barbuda,ATG,Rule of Law: Estimate,RL.EST,,,,,,,,,,,,,,,,,,,,,,,,,,,,,,,,,,,,,1.050844908,,1.053563118,,1.034903526,,1.034552217,1.037949681,0.908433735,0.659244239,0.921211839,0.893503189,0.937939405,0.972667456,0.952869892,0.942094743,0.945719004,0.831776917,-0.175930172,0.586109579,0.503302038,0.439102709,0.409626514,0.400458485,0.447086126,0.342992604,
Australia,AUS,Rule of Law: Estimate,RL.EST,,,,,,,,,,,,,,,,,,,,,,,,,,,,,,,,,,,,,1.713399053,,1.756802797,,1.722066879,,1.767046571,1.842772126,1.795392394,1.71280241,1.756738544,1.743887424,1.759083509,1.733008742,1.757718325,1.733153701,1.759779572,1.77010262,1.918719649,1.818711042,1.745957136,1.675519824,1.70605433,1.726110816,1.642625451,1.674290538,
Austria,AUT,Rule of Law: Estimate,RL.EST,,,,,,,,,,,,,,,,,,,,,,,,,,,,,,,,,,,,,1.808153033,,1.803287983,,1.81233263,,1.85791266,1.847917438,1.816664338,1.847249508,1.899768829,1.941825628,1.910698891,1.777442694,1.801202655,1.79896307,1.857123733,1.834038258,1.938500404,1.842692971,1.790404201,1.830876589,1.886325002,1.895342708,1.801011682,1.788035512,
Azerbaijan,AZE,Rule of Law: Estimate,RL.EST,,,,,,,,,,,,,,,,,,,,,,,,,,,,,,,,,,,,,-1.201161504,,-1.121610641,,-1.145636201,,-0.964197218,-0.884644747,-0.900518477,-0.792612433,-0.885929227,-0.88002038,-0.836160481,-0.879176021,-0.891145051,-0.938726485,-0.879532695,-0.756104469,-0.696949005,-0.699357688,-0.523486674,-0.568372667,-0.603016794,-0.591070116,-0.716367126,-0.584836721,
Burundi,BDI,Rule of Law: Estimate,RL.EST,,,,,,,,,,,,,,,,,,,,,,,,,,,,,,,,,,,,,-1.416120291,,-1.37878561,,-1.568517089,,-1.398002028,-1.484030128,-1.479950547,-1.128466725,-0.98323828,-1.078666925,-1.038100004,-1.159935355,-1.205401063,-1.153804302,-1.083929777,-1.076438308,-0.970426798,-1.16793406,-1.476552248,-1.403682351,-1.502976179,-1.439301968,-1.319121003,-1.29398632,
Belgium,BEL,Rule of Law: Estimate,RL.EST,,,,,,,,,,,,,,,,,,,,,,,,,,,,,,,,,,,,,1.366946697,,1.218205571,,1.313934088,,1.344935656,1.33109653,1.311229825,1.257640839,1.2245996,1.315387249,1.335205793,1.377148151,1.417852521,1.434848905,1.448809624,1.456789732,1.548629999,1.483211756,1.42132771,1.348637819,1.368350506,1.366700649,1.360301852,1.325958967,
Benin,BEN,Rule of Law: Estimate,RL.EST,,,,,,,,,,,,,,,,,,,,,,,,,,,,,,,,,,,,,0.052315507,,0.050550632,,-0.181523725,,-0.260578573,-0.425706029,-0.476601571,-0.534019768,-0.531569779,-0.513145149,-0.530703068,-0.65431422,-0.673685908,-0.658945084,-0.574936271,-0.567833364,-0.485179126,-0.53855902,-0.612020731,-0.62827611,-0.676403463,-0.653755903,-0.72832197,-0.593543828,
Burkina Faso,BFA,Rule of Law: Estimate,RL.EST,,,,,,,,,,,,,,,,,,,,,,,,,,,,,,,,,,,,,-0.933221638,,-0.912859261,,-0.732384086,,-0.799848557,-0.624177575,-0.535743415,-0.500521123,-0.433823466,-0.395825952,-0.344681531,-0.204172462,-0.194905058,-0.350398898,-0.4258551,-0.526613951,-0.545646906,-0.524443984,-0.43945533,-0.396429271,-0.441425383,-0.445065111,-0.441299587,-0.438472688,
Bangladesh,BGD,Rule of Law: Estimate,RL.EST,,,,,,,,,,,,,,,,,,,,,,,,,,,,,,,,,,,,,-0.934023738,,-0.935864508,,-0.991129994,,-0.991601229,-1.151943922,-1.122482061,-0.978551865,-0.907564044,-0.827155948,-0.752373576,-0.784571469,-0.801013291,-0.733335555,-0.936167359,-0.871759772,-0.782509089,-0.759843051,-0.657332778,-0.665030122,-0.633198857,-0.631936312,-0.560531855,-0.611260772,
Bulgaria,BGR,Rule of Law: Estimate,RL.EST,,,,,,,,,,,,,,,,,,,,,,,,,,,,,,,,,,,,,-0.344958007,,-0.222114488,,-0.123777077,,-0.056049991,-0.171991765,-0.118167765,-0.108557619,-0.108846173,-0.057684425,-0.121088021,-0.040312354,-0.097061358,-0.141564161,-0.115051359,-0.147228062,-0.081918642,-0.138988808,-0.123008624,-0.105917312,-0.085420907,-0.014007625,-0.105334796,-0.043917593,
Bahrain,BHR,Rule of Law: Estimate,RL.EST,,,,,,,,,,,,,,,,,,,,,,,,,,,,,,,,,,,,,-0.010116266,,0.35234648,,0.280279636,,0.545502603,0.593708754,0.696617663,0.597055912,0.370951921,0.521369874,0.525411844,0.51149267,0.42974022,0.346452385,0.253650159,0.32640186,0.413401127,0.421636015,0.451010048,0.442517638,0.40709877,0.489411116,0.484862119,0.470811009,
"Bahamas, The",BHS,Rule of Law: Estimate,RL.EST,,,,,,,,,,,,,,,,,,,,,,,,,,,,,,,,,,,,,1.146361232,,1.258561134,,1.290822387,,1.400981069,1.418727994,1.38215363,1.366913676,1.075713396,1.251347661,1.185666084,0.790569603,0.716390431,0.61066407,0.614439547,0.632410944,0.664432347,0.593327105,0.255574524,0.185603008,0.09226083,0.072598852,0.055984575,0.102244459,
Bosnia and Herzegovina,BIH,Rule of Law: Estimate,RL.EST,,,,,,,,,,,,,,,,,,,,,,,,,,,,,,,,,,,,,-0.241686642,,-0.671884239,,-0.602258623,,-0.656005681,-0.616845548,-0.490674227,-0.519786179,-0.496493608,-0.46990642,-0.407430083,-0.360137552,-0.355648875,-0.331778318,-0.197178289,-0.139309406,-0.13222298,-0.244013503,-0.173778623,-0.181318119,-0.205262765,-0.20178242,-0.290586531,-0.278892189,
Belarus,BLR,Rule of Law: Estimate,RL.EST,,,,,,,,,,,,,,,,,,,,,,,,,,,,,,,,,,,,,-0.798983991,,-0.891576588,,-1.100583553,,-1.250310659,-1.072918296,-1.188538194,-1.155784011,-1.303660631,-1.165873528,-1.068890095,-1.026430488,-1.072440624,-1.112897038,-0.923038542,-0.881984413,-0.815033615,-0.861530781,-0.750816524,-0.86476016,-0.87663579,-0.836098075,-1.053738832,-1.100141525,
Belize,BLZ,Rule of Law: Estimate,RL.EST,,,,,,,,,,,,,,,,,,,,,,,,,,,,,,,,,,,,,0.084681548,,-0.106160082,,0.098326825,,-0.045510951,0.190566957,-0.052921403,-0.048588708,0.023866652,-0.044806231,-0.133091673,-0.323144495,-0.281174034,-0.469881326,-0.435866833,-0.451345652,-0.814310551,-0.775928319,-0.957332134,-0.960104883,-0.826132238,-0.836393356,-0.802425146,-0.778173029,
Bermuda,BMU,Rule of Law: Estimate,RL.EST,,,,,,,,,,,,,,,,,,,,,,,,,,,,,,,,,,,,,1.210201263,,1.209021807,,1.230997324,,1.209135413,1.228445053,1.092697859,0.847438395,0.810431302,0.826464057,0.847226143,0.856926978,1.1112082,1.090952396,1.09636724,1.101331592,0.019607974,0.87931776,0.85872972,0.865473568,0.869517803,0.839582562,0.681882322,0.695353568,
Bolivia,BOL,Rule of Law: Estimate,RL.EST,,,,,,,,,,,,,,,,,,,,,,,,,,,,,,,,,,,,,-0.261528313,,-0.22726056,,-0.368222207,,-0.378112555,-0.46946907,-0.626744568,-0.765424848,-0.853729308,-0.832326353,-0.978549302,-1.1139189,-1.029790163,-0.98403579,-1.018764019,-1.05081141,-1.058175683,-1.151862383,-1.228689551,-1.23344624,-1.19971323,-1.174364448,-1.207151532,-1.163192868,
Brazil,BRA,Rule of Law: Estimate,RL.EST,,,,,,,,,,,,,,,,,,,,,,,,,,,,,,,,,,,,,-0.223502204,,-0.202992082,,-0.244871855,,-0.266611308,-0.367893666,-0.400920123,-0.475531459,-0.402620196,-0.409779429,-0.28804478,-0.103854693,0.056414437,0.045141723,-0.076932795,-0.091847032,-0.052719016,-0.166652888,-0.184023544,-0.287289172,-0.283916891,-0.20343326,-0.209849343,-0.280396819,
Barbados,BRB,Rule of Law: Estimate,RL.EST,,,,,,,,,,,,,,,,,,,,,,,,,,,,,,,,,,,,,1.046772957,,1.232990623,,1.396225691,,1.493938923,1.519153237,1.424127698,1.334750891,1.225232124,1.313636422,1.298601985,1.007878065,1.074538469,1.074076295,1.025717378,1.039596438,1.080372453,1.090324402,0.788659275,0.652969778,0.389348745,0.3524023,0.3313151,0.374692202,
Brunei Darussalam,BRN,Rule of Law: Estimate,RL.EST,,,,,,,,,,,,,,,,,,,,,,,,,,,,,,,,,,,,,0.816034913,,0.531829596,,0.517945468,,0.480448902,0.564721584,0.370861232,0.23348026,0.115104832,0.401655525,0.457919598,0.782543302,0.77304095,0.842867792,0.787489593,0.589224994,0.472058415,0.404601663,0.555983782,0.642315447,0.623039246,0.609003484,0.924954653,0.890205741,
Bhutan,BTN,Rule of Law: Estimate,RL.EST,,,,,,,,,,,,,,,,,,,,,,,,,,,,,,,,,,,,,-0.031503625,,0.038308375,,0.130426154,,0.069401726,0.136125684,0.223591417,0.332806766,0.21245949,0.36783278,0.421698183,0.219097927,0.161859259,0.205665544,0.260953724,0.317648262,0.417663902,0.569636941,0.532755733,0.657180071,0.57250911,0.60570538,0.609661877,0.635634661,
Botswana,BWA,Rule of Law: Estimate,RL.EST,,,,,,,,,,,,,,,,,,,,,,,,,,,,,,,,,,,,,0.584521055,,0.631555796,,0.577083766,,0.559019983,0.670592189,0.562500656,0.541108727,0.513664186,0.54485631,0.610460937,0.586034954,0.596930504,0.601400375,0.594521701,0.49451527,0.539543569,0.506869674,0.40187946,0.383638829,0.408063143,0.459768772,0.406072527,0.481632829,
Central African Republic,CAF,Rule of Law: Estimate,RL.EST,,,,,,,,,,,,,,,,,,,,,,,,,,,,,,,,,,,,,-1.152381301,,-1.166547298,,-1.375956655,,-0.955280721,-1.433038116,-1.562012315,-1.451329947,-1.544903755,-1.573918343,-1.431870461,-1.323868155,-1.311998963,-1.305445433,-1.438803792,-1.808942914,-1.706067681,-1.694452643,-1.841541409,-1.751763582,-1.706681371,-1.747761369,-1.726798892,-1.666709781,
Canada,CAN,Rule of Law: Estimate,RL.EST,,,,,,,,,,,,,,,,,,,,,,,,,,,,,,,,,,,,,1.647254705,,1.714995384,,1.665486097,,1.661396027,1.697056532,1.68714726,1.6501472,1.801083326,1.797100186,1.796393037,1.796726704,1.798590422,1.727119923,1.756421208,1.747499347,1.886384726,1.83552146,1.831270456,1.794673204,1.747118831,1.751842499,1.646642923,1.62713325,
Central Europe and the Baltics,CEB,Rule of Law: Estimate,RL.EST,,,,,,,,,,,,,,,,,,,,,,,,,,,,,,,,,,,,,,,,,,,,,,,,,,,,,,,,,,,,,,,
Switzerland,CHE,Rule of Law: Estimate,RL.EST,,,,,,,,,,,,,,,,,,,,,,,,,,,,,,,,,,,,,1.931551933,,1.927548409,,1.94582057,,1.918213367,1.89939785,1.886195421,1.901669383,1.803771615,1.827945709,1.804707885,1.743140936,1.74979496,1.722141981,1.81180203,1.796086431,1.99034977,1.938408136,1.937358022,1.921151519,1.92139852,1.898181319,1.817349553,1.808163881,
Channel Islands,CHI,Rule of Law: Estimate,RL.EST,,,,,,,,,,,,,,,,,,,,,,,,,,,,,,,,,,,,,,,,,,,,,,,,,,,,,,,,,,,,,,,
Chile,CHL,Rule of Law: Estimate,RL.EST,,,,,,,,,,,,,,,,,,,,,,,,,,,,,,,,,,,,,1.113738179,,1.097601771,,1.260923386,,1.257240057,1.177210808,1.16569674,1.210211039,1.181291223,1.195187569,1.210357308,1.194090486,1.225415707,1.263338566,1.287656784,1.255251408,1.34896946,1.24576962,0.984509945,1.006575584,0.966234028,0.947567701,0.942473114,0.914349318,
China,CHN,Rule of Law: Estimate,RL.EST,,,,,,,,,,,,,,,,,,,,,,,,,,,,,,,,,,,,,-0.545589983,,-0.476805359,,-0.516117156,,-0.517029762,-0.553043842,-0.585468709,-0.650172889,-0.699893415,-0.597397745,-0.479174674,-0.463213772,-0.472601861,-0.453809977,-0.545384467,-0.525990129,-0.396166623,-0.390619338,-0.309236586,-0.237702101,-0.16705063,-0.243998483,-0.078558914,0.035164542,
Cote d'Ivoire,CIV,Rule of Law: Estimate,RL.EST,,,,,,,,,,,,,,,,,,,,,,,,,,,,,,,,,,,,,-0.78543514,,-0.922914207,,-1.247669816,,-1.329227209,-1.358520508,-1.424531221,-1.539367676,-1.462903976,-1.471718073,-1.43818152,-1.25304389,-1.236002564,-1.282681704,-1.094172716,-0.914480269,-0.592921734,-0.636282027,-0.648562431,-0.633895099,-0.587801456,-0.58926332,-0.625967979,-0.633732677,
Cameroon,CMR,Rule of Law: Estimate,RL.EST,,,,,,,,,,,,,,,,,,,,,,,,,,,,,,,,,,,,,-1.441894889,,-1.138637066,,-1.192747235,,-1.265375614,-1.163299561,-1.173222542,-1.190440297,-1.16298461,-1.185816526,-1.10583663,-1.130954266,-1.079244137,-1.080898523,-1.042930365,-1.058035612,-0.89759171,-0.982919514,-1.04694736,-1.038755894,-1.08912921,-1.125854611,-1.15100193,-1.097447872,
"Congo, Dem. Rep.",COD,Rule of Law: Estimate,RL.EST,,,,,,,,,,,,,,,,,,,,,,,,,,,,,,,,,,,,,-1.87656343,,-1.918398976,,-1.820564389,,-1.767720342,-1.850252748,-1.718435168,-1.544528484,-1.621696711,-1.614736915,-1.573676467,-1.644039631,-1.62714994,-1.625537157,-1.662914276,-1.584831834,-1.462760568,-1.590687394,-1.640506625,-1.705661535,-1.79496181,-1.798251152,-1.8020823,-1.70383513,
"Congo, Rep.",COG,Rule of Law: Estimate,RL.EST,,,,,,,,,,,,,,,,,,,,,,,,,,,,,,,,,,,,,-1.04381001,,-1.618808627,,-1.348498344,,-1.290985346,-1.267970681,-1.190250158,-1.471203566,-1.266345739,-1.22322464,-1.193442583,-1.220139623,-1.218047857,-1.2075212,-1.142050862,-1.12112391,-1.119276404,-1.125181913,-1.139835835,-1.148452044,-1.121906281,-1.176690459,-1.157970309,-1.135856986,
Colombia,COL,Rule of Law: Estimate,RL.EST,,,,,,,,,,,,,,,,,,,,,,,,,,,,,,,,,,,,,-0.75183779,,-0.662920475,,-0.92503792,,-0.749073088,-0.739117563,-0.695200145,-0.633081853,-0.508387923,-0.432980388,-0.381235987,-0.367777586,-0.27138561,-0.217361465,-0.325919122,-0.387949467,-0.251975983,-0.226053253,-0.248015717,-0.347924829,-0.365047276,-0.371536016,-0.478833377,-0.452087343,
Comoros,COM,Rule of Law: Estimate,RL.EST,,,,,,,,,,,,,,,,,,,,,,,,,,,,,,,,,,,,,-0.878604293,,-0.881385922,,-1.168427587,,-0.744692981,-0.751481771,-1.016921878,-1.044190645,-0.977074742,-1.039637446,-1.069913983,-1.157972217,-1.076230526,-1.046474814,-1.078929543,-0.954957306,-0.898310542,-0.846451938,-1.038780212,-1.090899706,-1.132864952,-1.137524605,-1.254245996,-1.2248559,
Cabo Verde,CPV,Rule of Law: Estimate,RL.EST,,,,,,,,,,,,,,,,,,,,,,,,,,,,,,,,,,,,,1.044188142,,0.672074854,,0.638421953,,0.267433614,0.256376088,0.341849148,0.374146014,0.640256405,0.610765517,0.57134515,0.532929718,0.463277847,0.506770432,0.514070094,0.551252127,0.66221118,0.593374372,0.301762402,0.378697842,0.414056629,0.472124577,0.457770258,0.349308014,
Costa Rica,CRI,Rule of Law: Estimate,RL.EST,,,,,,,,,,,,,,,,,,,,,,,,,,,,,,,,,,,,,0.618176877,,0.633012652,,0.537079811,,0.554997206,0.526866555,0.502903223,0.49726367,0.389714092,0.354344755,0.453689337,0.5788095,0.53576088,0.443259001,0.528911471,0.563845575,0.583418787,0.514803171,0.451842934,0.450621039,0.49064362,0.554161429,0.522085786,0.451845199,
Caribbean small states,CSS,Rule of Law: Estimate,RL.EST,,,,,,,,,,,,,,,,,,,,,,,,,,,,,,,,,,,,,,,,,,,,,,,,,,,,,,,,,,,,,,,
Cuba,CUB,Rule of Law: Estimate,RL.EST,,,,,,,,,,,,,,,,,,,,,,,,,,,,,,,,,,,,,-1.136810899,,-1.045863271,,-1.049848676,,-1.173974276,-1.22319901,-1.107119799,-1.086534739,-0.7638188,-0.690431654,-0.827655673,-0.712426066,-0.722509027,-0.693881631,-0.708632588,-0.699207544,-0.65520066,-0.702387154,-0.444831938,-0.434026986,-0.447581321,-0.325435102,-0.278229743,-0.404114395,
Curacao,CUW,Rule of Law: Estimate,RL.EST,,,,,,,,,,,,,,,,,,,,,,,,,,,,,,,,,,,,,,,,,,,,,,,,,,,,,,,,,,,,,,,
Cayman Islands,CYM,Rule of Law: Estimate,RL.EST,,,,,,,,,,,,,,,,,,,,,,,,,,,,,,,,,,,,,1.459768295,,1.460960031,,1.491396904,,1.469418406,1.228445053,1.143317938,0.847438395,1.069221497,1.090919852,1.117979527,0.890962958,0.894479394,0.876532793,0.890999794,0.895805478,0.586509824,0.812592745,0.79096514,0.771792829,0.767832339,0.763362586,0.760923564,0.776025593,
Cyprus,CYP,Rule of Law: Estimate,RL.EST,,,,,,,,,,,,,,,,,,,,,,,,,,,,,,,,,,,,,0.857321024,,0.945576549,,1.016058803,,0.989593506,0.938781798,0.908674181,0.877258122,1.09397459,1.105589747,1.206638575,1.206133962,1.209607244,1.065313101,1.093559384,1.030020833,1.074913144,1.035141826,0.715118289,0.880007565,0.746907651,0.754275918,0.574943423,0.63703239,
Czechia,CZE,Rule of Law: Estimate,RL.EST,,,,,,,,,,,,,,,,,,,,,,,,,,,,,,,,,,,,,0.915322721,,0.866274714,,0.607116282,,0.859825134,0.873709798,0.758330762,0.857741058,0.862385094,0.878743947,0.900237203,0.956217825,0.93091917,1.017497182,1.022601604,1.023850799,1.138921142,1.132430196,1.01292634,1.115141869,1.047601342,1.046309829,1.051819682,1.126015306,
Germany,DEU,Rule of Law: Estimate,RL.EST,,,,,,,,,,,,,,,,,,,,,,,,,,,,,,,,,,,,,1.609529257,,1.621989489,,1.609418869,,1.634389877,1.637584686,1.620204449,1.652198195,1.770086169,1.755590677,1.734026194,1.648672223,1.637504697,1.618219256,1.669232011,1.642112851,1.850373387,1.78793335,1.612499833,1.604281545,1.622488379,1.612633109,1.549539328,1.608524799,
Djibouti,DJI,Rule of Law: Estimate,RL.EST,,,,,,,,,,,,,,,,,,,,,,,,,,,,,,,,,,,,,-0.971613765,,-0.909501016,,-0.88296622,,-0.939510047,-0.879082382,-0.772796214,-0.954747617,-0.886092663,-0.771052897,-0.656676888,-0.697536051,-0.752101779,-0.821726501,-0.803623497,-0.774326742,-0.875662029,-0.928441048,-0.988178313,-0.918414235,-0.937937498,-0.930672646,-1.027164102,-1.009249926,
Dominica,DMA,Rule of Law: Estimate,RL.EST,,,,,,,,,,,,,,,,,,,,,,,,,,,,,,,,,,,,,0.84241569,,0.843007863,,0.803646386,,0.809390962,0.804431558,0.7200284,0.677165985,0.740866184,0.701219738,0.6933887,0.741603673,0.717768133,0.687728584,0.699136794,0.720964015,0.550097764,0.737986147,0.677339852,0.692352355,0.735744357,0.735084474,0.81366843,0.716944277,
Denmark,DNK,Rule of Law: Estimate,RL.EST,,,,,,,,,,,,,,,,,,,,,,,,,,,,,,,,,,,,,1.820808649,,1.837266684,,1.808733463,,1.882340789,1.920511007,1.930523992,1.936109066,1.983498931,1.995170474,1.954056263,1.917127132,1.898441792,1.919791341,1.875066876,1.902293801,2.10087657,2.044954777,1.913999796,1.835787892,1.805854559,1.868053913,1.847981572,1.936437488,
Dominican Republic,DOM,Rule of Law: Estimate,RL.EST,,,,,,,,,,,,,,,,,,,,,,,,,,,,,,,,,,,,,-0.522590637,,-0.576960266,,-0.676537395,,-0.705224693,-0.640382707,-0.680870891,-0.685749292,-0.584695756,-0.625862598,-0.682735622,-0.809174061,-0.855494201,-0.808169067,-0.716865838,-0.535113275,-0.38400799,-0.511419415,-0.378889054,-0.412302643,-0.347878307,-0.305115938,-0.161468059,-0.096047066,
Algeria,DZA,Rule of Law: Estimate,RL.EST,,,,,,,,,,,,,,,,,,,,,,,,,,,,,,,,,,,,,-1.218194842,,-1.198362112,,-1.245844364,,-0.636733174,-0.605380774,-0.616287351,-0.773644507,-0.775204539,-0.791886449,-0.767772257,-0.825566888,-0.816793382,-0.845334828,-0.812617719,-0.693158984,-0.804205596,-0.927119017,-0.906229854,-0.912661433,-0.793038607,-0.848534942,-0.793100297,-0.816039979,
East Asia & Pacific (excluding high income),EAP,Rule of Law: Estimate,RL.EST,,,,,,,,,,,,,,,,,,,,,,,,,,,,,,,,,,,,,,,,,,,,,,,,,,,,,,,,,,,,,,,
Early-demographic dividend,EAR,Rule of Law: Estimate,RL.EST,,,,,,,,,,,,,,,,,,,,,,,,,,,,,,,,,,,,,,,,,,,,,,,,,,,,,,,,,,,,,,,
East Asia & Pacific,EAS,Rule of Law: Estimate,RL.EST,,,,,,,,,,,,,,,,,,,,,,,,,,,,,,,,,,,,,,,,,,,,,,,,,,,,,,,,,,,,,,,
Europe & Central Asia (excluding high income),ECA,Rule of Law: Estimate,RL.EST,,,,,,,,,,,,,,,,,,,,,,,,,,,,,,,,,,,,,,,,,,,,,,,,,,,,,,,,,,,,,,,
Europe & Central Asia,ECS,Rule of Law: Estimate,RL.EST,,,,,,,,,,,,,,,,,,,,,,,,,,,,,,,,,,,,,,,,,,,,,,,,,,,,,,,,,,,,,,,
Ecuador,ECU,Rule of Law: Estimate,RL.EST,,,,,,,,,,,,,,,,,,,,,,,,,,,,,,,,,,,,,-0.449707776,,-0.539550304,,-0.666360259,,-0.756515443,-0.780572593,-0.76489985,-0.821377993,-1.031002641,-1.032861471,-1.105306387,-1.205040216,-1.143229127,-1.144285321,-1.063925147,-0.870148361,-0.97051096,-0.940620899,-0.635915816,-0.703621387,-0.647669554,-0.524804235,-0.523896456,-0.339322567,
"Egypt, Arab Rep.",EGY,Rule of Law: Estimate,RL.EST,,,,,,,,,,,,,,,,,,,,,,,,,,,,,,,,,,,,,0.001262441,,-0.126968279,,-0.051582698,,-0.011468072,-0.002354469,0.013317895,-0.001223235,-0.27896744,-0.246213481,-0.129783601,-0.083344996,-0.17486386,-0.483893096,-0.536399841,-0.735893428,-0.698362648,-0.586068213,-0.46563378,-0.433546245,-0.28419888,-0.318304539,-0.310287297,-0.24483043,
Euro area,EMU,Rule of Law: Estimate,RL.EST,,,,,,,,,,,,,,,,,,,,,,,,,,,,,,,,,,,,,,,,,,,,,,,,,,,,,,,,,,,,,,,
Eritrea,ERI,Rule of Law: Estimate,RL.EST,,,,,,,,,,,,,,,,,,,,,,,,,,,,,,,,,,,,,-0.655131698,,-0.63481617,,-0.795131266,,-0.734666824,-0.817993104,-0.933583379,-0.975512564,-1.180051565,-1.275266886,-1.308455467,-1.314685941,-1.353037119,-1.361762047,-1.425428391,-1.431260705,-1.567002535,-1.525860548,-1.660466075,-1.589773774,-1.613605857,-1.621500492,-1.486926675,-1.57183075,
Spain,ESP,Rule of Law: Estimate,RL.EST,,,,,,,,,,,,,,,,,,,,,,,,,,,,,,,,,,,,,1.435085535,,1.30619204,,1.407501459,,1.228931546,1.247760773,1.128972054,1.117549539,1.119876862,1.153809786,1.183748126,1.156002283,1.156788111,1.1693784,1.037798285,1.02529192,0.966522396,0.910484672,0.990012109,1.0505656,1.005686164,1.019376516,0.894206524,0.875867248,
Estonia,EST,Rule of Law: Estimate,RL.EST,,,,,,,,,,,,,,,,,,,,,,,,,,,,,,,,,,,,,0.574426711,,0.592054188,,0.594717026,,0.791837811,0.770817876,0.883017778,0.903708637,1.129732013,1.122275472,1.155439734,1.124658585,1.153129935,1.175814986,1.150941491,1.191487908,1.369988799,1.326497197,1.218502283,1.276253939,1.232719183,1.274343967,1.37280345,1.427687645,
Ethiopia,ETH,Rule of Law: Estimate,RL.EST,,,,,,,,,,,,,,,,,,,,,,,,,,,,,,,,,,,,,-0.965788543,,-0.908676982,,-0.983719409,,-0.959304392,-0.834280729,-0.893445909,-0.938896775,-0.667515755,-0.659463108,-0.706700683,-0.832281888,-0.807519138,-0.741804361,-0.677317858,-0.649538219,-0.468450874,-0.5109846,-0.494181752,-0.454395801,-0.428049445,-0.468411416,-0.392207772,-0.606264889,
European Union,EUU,Rule of Law: Estimate,RL.EST,,,,,,,,,,,,,,,,,,,,,,,,,,,,,,,,,,,,,,,,,,,,,,,,,,,,,,,,,,,,,,,
Fragile and conflict affected situations,FCS,Rule of Law: Estimate,RL.EST,,,,,,,,,,,,,,,,,,,,,,,,,,,,,,,,,,,,,,,,,,,,,,,,,,,,,,,,,,,,,,,
Finland,FIN,Rule of Law: Estimate,RL.EST,,,,,,,,,,,,,,,,,,,,,,,,,,,,,,,,,,,,,1.907921553,,1.952075005,,1.953407645,,1.903888941,1.958634257,1.939888597,1.950941563,1.959513426,1.89684999,1.910381198,1.962568879,1.961252689,1.939538002,1.944033504,1.955659628,2.124782085,2.082546711,2.039246798,2.057108641,2.069103479,2.048781872,2.066255569,2.057868481,
Fiji,FJI,Rule of Law: Estimate,RL.EST,,,,,,,,,,,,,,,,,,,,,,,,,,,,,,,,,,,,,0.323474795,,0.343518049,,-0.276727378,,0.006907965,0.009974545,0.06838835,0.103356399,0.051683944,-0.621160269,-0.574613035,-0.865079582,-0.744324744,-0.711457431,-0.67112577,-0.72579509,-0.514017463,-0.33802101,-0.057176415,-0.048007891,0.214772075,0.466517687,0.221826151,0.310964048,
France,FRA,Rule of Law: Estimate,RL.EST,,,,,,,,,,,,,,,,,,,,,,,,,,,,,,,,,,,,,1.483683348,,1.364515781,,1.432307482,,1.212872624,1.333288908,1.425192833,1.407830477,1.462172866,1.456374407,1.496273756,1.445757031,1.499731541,1.429734826,1.436932445,1.40233779,1.453593969,1.393072963,1.378255963,1.426319361,1.425901532,1.400214791,1.320556998,1.289128065,
Faroe Islands,FRO,Rule of Law: Estimate,RL.EST,,,,,,,,,,,,,,,,,,,,,,,,,,,,,,,,,,,,,,,,,,,,,,,,,,,,,,,,,,,,,,,
"Micronesia, Fed. Sts.",FSM,Rule of Law: Estimate,RL.EST,,,,,,,,,,,,,,,,,,,,,,,,,,,,,,,,,,,,,0.809140563,,0.876508176,,0.839712262,,0.833945811,0.83328414,1.012554407,1.133569241,1.183637261,1.158916712,0.50698024,0.328725517,0.142505497,-0.049869217,0.032678116,0.120530084,-0.244236752,-0.259999514,0.027995914,0.076742627,0.066270761,0.090361454,0.208149508,0.520998061,
Gabon,GAB,Rule of Law: Estimate,RL.EST,,,,,,,,,,,,,,,,,,,,,,,,,,,,,,,,,,,,,-0.65305227,,-0.370705366,,-0.182711691,,-0.249034658,-0.406030953,-0.48354283,-0.396706045,-0.75450623,-0.706393182,-0.62444061,-0.503719747,-0.461410344,-0.403134197,-0.414806485,-0.522406638,-0.472979218,-0.546785116,-0.597633183,-0.708992183,-0.704611123,-0.738471806,-0.669747114,-0.695860267,
United Kingdom,GBR,Rule of Law: Estimate,RL.EST,,,,,,,,,,,,,,,,,,,,,,,,,,,,,,,,,,,,,1.62873435,,1.733099103,,1.667143583,,1.651892304,1.667399526,1.607600212,1.55816102,1.772394538,1.720192194,1.696649432,1.731597781,1.774692535,1.658743739,1.729413867,1.689435244,1.874803424,1.799224615,1.668957114,1.675296307,1.633260727,1.598685265,1.489148855,1.426642418,
Georgia,GEO,Rule of Law: Estimate,RL.EST,,,,,,,,,,,,,,,,,,,,,,,,,,,,,,,,,,,,,-1.25632596,,-1.218148708,,-0.938497543,,-1.084056258,-0.912254095,-0.749769986,-0.695962608,-0.461667329,-0.344459146,-0.26294446,-0.199315324,-0.20598498,-0.119617037,-0.006217348,0.00495237,0.224652022,0.242611408,0.357220918,0.284468681,0.293164283,0.272518426,0.243921533,0.170995161,
Ghana,GHA,Rule of Law: Estimate,RL.EST,,,,,,,,,,,,,,,,,,,,,,,,,,,,,,,,,,,,,-0.23357825,,-0.439805567,,0.078732707,,0.023213815,0.007860686,-0.126287416,-0.134525463,0.056496635,0.039233431,-0.062382013,-0.042356919,-0.033293352,-0.003144076,0.016669463,0.15427576,0.063672259,0.138806775,0.050368041,0.128546864,0.06999515,0.037778921,-0.05207159,-0.081007682,
Gibraltar,GIB,Rule of Law: Estimate,RL.EST,,,,,,,,,,,,,,,,,,,,,,,,,,,,,,,,,,,,,,,,,,,,,,,,,,,,,,,,,,,,,,,
Guinea,GIN,Rule of Law: Estimate,RL.EST,,,,,,,,,,,,,,,,,,,,,,,,,,,,,,,,,,,,,-1.447080135,,-1.391768932,,-1.389179468,,-1.080204725,-1.154066205,-1.302322268,-1.423453331,-1.420995474,-1.452069283,-1.540276289,-1.5522995,-1.485632777,-1.448172688,-1.399059772,-1.383079529,-1.367539644,-1.175860643,-1.233049154,-1.241850495,-1.218129873,-1.216113567,-1.27371645,-1.13051641,
"Gambia, The",GMB,Rule of Law: Estimate,RL.EST,,,,,,,,,,,,,,,,,,,,,,,,,,,,,,,,,,,,,0.0169813,,-0.002620436,,-0.145569503,,-0.180294082,0.163011163,-0.389444947,-0.456847787,-0.37112534,-0.330507666,-0.425357461,-0.519139886,-0.570687115,-0.558868945,-0.59986788,-0.64948678,-0.696619987,-0.735364079,-0.788988173,-0.437450022,-0.438705802,-0.388973624,-0.376099765,-0.38554275,
Guinea-Bissau,GNB,Rule of Law: Estimate,RL.EST,,,,,,,,,,,,,,,,,,,,,,,,,,,,,,,,,,,,,-1.67290616,,-1.880132079,,-1.319461226,,-1.107601404,-1.226374745,-1.1984483,-1.259566665,-1.256101966,-1.325372577,-1.406033039,-1.347027421,-1.336950183,-1.323492527,-1.542393088,-1.611724138,-1.338504314,-1.294043779,-1.525728822,-1.45640564,-1.24779892,-1.282622933,-1.37668252,-1.437948465,
Equatorial Guinea,GNQ,Rule of Law: Estimate,RL.EST,,,,,,,,,,,,,,,,,,,,,,,,,,,,,,,,,,,,,-1.283217788,,-1.352814674,,-1.3358922,,-1.244333625,-1.2268852,-1.196568251,-1.238877058,-1.093562722,-0.98628068,-0.87139225,-0.98819977,-1.010709286,-1.008374453,-1.049776435,-1.168726563,-1.317287445,-1.321108341,-1.38386631,-1.359813333,-1.414509535,-1.279205203,-1.164877892,-1.19723165,
Greece,GRC,Rule of Law: Estimate,RL.EST,,,,,,,,,,,,,,,,,,,,,,,,,,,,,,,,,,,,,1.05352366,,0.77567035,,0.861044526,,0.723845243,0.789709985,0.899134219,0.784953773,0.863401473,0.859287739,0.853603005,0.646844327,0.583895683,0.533327162,0.388231575,0.467147976,0.373847544,0.273951471,0.131060317,0.069513485,0.13433288,0.179606944,0.315227628,0.349768281,
Grenada,GRD,Rule of Law: Estimate,RL.EST,,,,,,,,,,,,,,,,,,,,,,,,,,,,,,,,,,,,,0.425557196,,0.421897411,,0.341131985,,0.359068334,0.33739537,0.280416071,0.378238171,0.259322912,0.191248715,0.127722353,0.157519296,0.118389398,0.172344387,0.186642453,0.199680164,-0.137727961,0.209968269,0.653643787,0.491692454,0.280941129,0.208473966,0.353859246,0.511254489,
Greenland,GRL,Rule of Law: Estimate,RL.EST,,,,,,,,,,,,,,,,,,,,,,,,,,,,,,,,,,,,,,,,,,,,,,,,,,1.716114283,1.72867775,1.733143568,1.712427616,1.689050317,1.734398961,1.695049524,1.714139581,1.715055346,1.729128838,1.737926126,1.731405616,1.718734503,
Guatemala,GTM,Rule of Law: Estimate,RL.EST,,,,,,,,,,,,,,,,,,,,,,,,,,,,,,,,,,,,,-1.126488209,,-1.041270375,,-0.8857916,,-0.990891993,-1.100940704,-1.062098503,-1.048306942,-1.097761035,-1.121048689,-1.122285604,-1.013138294,-0.944123864,-1.031414747,-1.083919644,-1.093928218,-0.956078649,-0.936158717,-1.019246936,-1.063370585,-1.061653733,-1.083545089,-1.080363274,-1.092781067,
Guam,GUM,Rule of Law: Estimate,RL.EST,,,,,,,,,,,,,,,,,,,,,,,,,,,,,,,,,,,,,,,,,,,,,0.991457164,1.109415412,1.069221497,1.090919852,1.117979527,1.125054717,1.1112082,1.090952396,1.09636724,1.101331592,1.407080054,1.339797497,1.095464468,1.351925611,1.355713964,1.328052163,1.185078621,1.205229878,
Guyana,GUY,Rule of Law: Estimate,RL.EST,,,,,,,,,,,,,,,,,,,,,,,,,,,,,,,,,,,,,-0.203850329,,-0.367153853,,-0.423614681,,-0.517882884,-0.575900853,-0.619943142,-0.663847804,-0.564467251,-0.457055211,-0.580651641,-0.555844963,-0.477120876,-0.510029078,-0.518265724,-0.524389088,-0.61473,-0.524586558,-0.296320051,-0.279842585,-0.364798248,-0.429063171,-0.418838769,-0.39758274,
High income,HIC,Rule of Law: Estimate,RL.EST,,,,,,,,,,,,,,,,,,,,,,,,,,,,,,,,,,,,,,,,,,,,,,,,,,,,,,,,,,,,,,,
"Hong Kong SAR, China",HKG,Rule of Law: Estimate,RL.EST,,,,,,,,,,,,,,,,,,,,,,,,,,,,,,,,,,,,,0.750565767,,0.984140694,,0.796505094,,1.265542507,1.536875725,1.567833304,1.60160768,1.539627671,1.510004997,1.478216887,1.488869309,1.53603065,1.545700312,1.573567033,1.565820932,1.85651195,1.819108129,1.713394523,1.71146369,1.7620157,1.596431613,1.581754684,1.446651936,
Honduras,HND,Rule of Law: Estimate,RL.EST,,,,,,,,,,,,,,,,,,,,,,,,,,,,,,,,,,,,,-0.929349244,,-0.885578394,,-0.998041213,,-0.879591942,-0.936451733,-0.850290716,-0.77110076,-0.988683164,-0.928942919,-0.971363068,-0.895501971,-0.875314057,-0.905360878,-1.146425009,-1.172824979,-0.942938149,-0.926171958,-1.126173615,-1.049225807,-1.043893218,-1.026000142,-0.992642999,-1.072383642,
Heavily indebted poor countries (HIPC),HPC,Rule of Law: Estimate,RL.EST,,,,,,,,,,,,,,,,,,,,,,,,,,,,,,,,,,,,,,,,,,,,,,,,,,,,,,,,,,,,,,,
Croatia,HRV,Rule of Law: Estimate,RL.EST,,,,,,,,,,,,,,,,,,,,,,,,,,,,,,,,,,,,,-0.634232163,,-0.406373352,,-0.029868536,,-0.144792929,-0.045993946,0.041216489,0.083347566,-0.048246041,0.038477756,0.025006728,0.043875948,0.080469035,0.109395981,0.145079002,0.178020224,0.218247041,0.149195537,0.361451805,0.330558956,0.324368089,0.372456163,0.258851081,0.302556723,
Haiti,HTI,Rule of Law: Estimate,RL.EST,,,,,,,,,,,,,,,,,,,,,,,,,,,,,,,,,,,,,-1.387390733,,-1.425189376,,-1.455036402,,-1.713909388,-1.737163544,-1.729329109,-1.663088679,-1.412974358,-1.349949956,-1.285773396,-1.334303737,-1.38317585,-1.418013215,-1.332100272,-1.300454021,-1.180394053,-1.176799893,-0.998381555,-1.082871795,-1.046175599,-0.966019213,-1.024141073,-1.250733852,
Hungary,HUN,Rule of Law: Estimate,RL.EST,,,,,,,,,,,,,,,,,,,,,,,,,,,,,,,,,,,,,0.910500646,,0.813627005,,0.832505941,,0.868621826,0.805350184,0.846134841,0.838809192,0.976617098,0.941449285,0.913386524,0.771155953,0.772669375,0.756602585,0.611102879,0.582987368,0.509287119,0.404038519,0.433609247,0.559209228,0.578445971,0.521550834,0.508961439,0.530844033,
IBRD only,IBD,Rule of Law: Estimate,RL.EST,,,,,,,,,,,,,,,,,,,,,,,,,,,,,,,,,,,,,,,,,,,,,,,,,,,,,,,,,,,,,,,
IDA & IBRD total,IBT,Rule of Law: Estimate,RL.EST,,,,,,,,,,,,,,,,,,,,,,,,,,,,,,,,,,,,,,,,,,,,,,,,,,,,,,,,,,,,,,,
IDA total,IDA,Rule of Law: Estimate,RL.EST,,,,,,,,,,,,,,,,,,,,,,,,,,,,,,,,,,,,,,,,,,,,,,,,,,,,,,,,,,,,,,,
IDA blend,IDB,Rule of Law: Estimate,RL.EST,,,,,,,,,,,,,,,,,,,,,,,,,,,,,,,,,,,,,,,,,,,,,,,,,,,,,,,,,,,,,,,
Indonesia,IDN,Rule of Law: Estimate,RL.EST,,,,,,,,,,,,,,,,,,,,,,,,,,,,,,,,,,,,,-0.48987031,,-0.750535488,,-0.696610868,,-0.91026473,-0.859100699,-0.732880175,-0.797872186,-0.694450855,-0.698989928,-0.673782587,-0.611935318,-0.6560449,-0.599643946,-0.58356905,-0.533191502,-0.310617834,-0.405085534,-0.3211734,-0.331988752,-0.294692069,-0.323028594,-0.327540189,-0.224780738,
IDA only,IDX,Rule of Law: Estimate,RL.EST,,,,,,,,,,,,,,,,,,,,,,,,,,,,,,,,,,,,,,,,,,,,,,,,,,,,,,,,,,,,,,,
Isle of Man,IMN,Rule of Law: Estimate,RL.EST,,,,,,,,,,,,,,,,,,,,,,,,,,,,,,,,,,,,,,,,,,,,,,,,,,,,,,,,,,,,,,,
India,IND,Rule of Law: Estimate,RL.EST,,,,,,,,,,,,,,,,,,,,,,,,,,,,,,,,,,,,,0.313456208,,0.335014313,,0.348079592,,-0.017395871,0.120161645,0.053356059,0.133130163,0.178989619,0.096898161,0.09585046,0.017980825,-0.035810821,-0.08629714,-0.062880747,-0.045691311,-0.068644837,-0.050012629,-0.037892893,-0.009627157,0.020165063,-0.042569961,-0.031972431,-0.080926225,
Not classified,INX,Rule of Law: Estimate,RL.EST,,,,,,,,,,,,,,,,,,,,,,,,,,,,,,,,,,,,,,,,,,,,,,,,,,,,,,,,,,,,,,,
Ireland,IRL,Rule of Law: Estimate,RL.EST,,,,,,,,,,,,,,,,,,,,,,,,,,,,,,,,,,,,,1.501040101,,1.591489792,,1.539682627,,1.59532547,1.482466817,1.510679841,1.584284186,1.708898306,1.728221416,1.704128385,1.743099332,1.760813236,1.746468544,1.727203608,1.70915544,1.760694742,1.756133199,1.493318439,1.408761501,1.441850185,1.376060009,1.490071774,1.530410647,
"Iran, Islamic Rep.",IRN,Rule of Law: Estimate,RL.EST,,,,,,,,,,,,,,,,,,,,,,,,,,,,,,,,,,,,,-0.94033891,,-0.683586836,,-0.519492507,,-0.821777701,-0.680515766,-0.673581481,-0.865804315,-0.994356155,-1.027451873,-0.978463948,-1.053678393,-1.026664257,-0.967787087,-0.918653786,-0.996962249,-1.052705526,-0.923921585,-0.680720985,-0.685296178,-0.696153164,-0.751262248,-0.867971539,-0.947225153,
Iraq,IRQ,Rule of Law: Estimate,RL.EST,,,,,,,,,,,,,,,,,,,,,,,,,,,,,,,,,,,,,-1.563011527,,-1.548183203,,-1.393393517,,-1.512783527,-1.644622922,-1.824270368,-1.716897011,-1.680826664,-1.838028312,-1.768174291,-1.700715303,-1.707236767,-1.556286812,-1.570040822,-1.563913703,-1.448244214,-1.546893239,-1.760134339,-1.745075822,-1.791687012,-1.756373167,-1.777575374,-1.73155725,
Iceland,ISL,Rule of Law: Estimate,RL.EST,,,,,,,,,,,,,,,,,,,,,,,,,,,,,,,,,,,,,1.60150218,,1.659660578,,1.796794534,,1.859159708,1.918754578,1.906124234,1.939324021,1.88209331,1.827796102,1.853190541,1.706915379,1.706615806,1.688566923,1.67797339,1.653921008,1.704725385,1.661176801,1.510742784,1.600388169,1.710496902,1.758809209,1.788674116,1.754704237,
Israel,ISR,Rule of Law: Estimate,RL.EST,,,,,,,,,,,,,,,,,,,,,,,,,,,,,,,,,,,,,1.278926015,,0.993849754,,1.001001835,,1.069823146,0.910984516,0.848270535,0.807715952,0.891168356,0.816402733,0.837563396,0.83513397,0.909712017,1.005322695,0.928755701,0.971638501,1.105474949,1.157239079,1.064818025,1.016194582,0.986686707,1.041254997,0.965977609,0.941778302,
Italy,ITA,Rule of Law: Estimate,RL.EST,,,,,,,,,,,,,,,,,,,,,,,,,,,,,,,,,,,,,1.056424022,,0.801862299,,0.838105559,,0.740141988,0.688429892,0.590003908,0.509243011,0.379006386,0.467548192,0.447921455,0.399145484,0.454773188,0.483442843,0.425940156,0.436367184,0.422377765,0.311166555,0.388858467,0.342450708,0.26352194,0.29878071,0.235660911,0.269486398,
Jamaica,JAM,Rule of Law: Estimate,RL.EST,,,,,,,,,,,,,,,,,,,,,,,,,,,,,,,,,,,,,-0.335017145,,-0.248288304,,-0.481999129,,-0.344297826,-0.5007236,-0.412029088,-0.410603523,-0.396132678,-0.350273311,-0.297387421,-0.401666194,-0.432371795,-0.371135145,-0.346987486,-0.31927675,-0.236792937,-0.170280457,-0.153823361,-0.113693483,-0.197781533,-0.287394255,-0.210304037,-0.167768523,
Jordan,JOR,Rule of Law: Estimate,RL.EST,,,,,,,,,,,,,,,,,,,,,,,,,,,,,,,,,,,,,0.276932895,,0.300132543,,0.358365744,,0.061608892,0.324614763,0.297468901,0.29918322,0.303705812,0.363159925,0.397879958,0.216567948,0.146154016,0.200583994,0.350899756,0.375538468,0.467406094,0.436740309,0.265369505,0.257462174,0.253932208,0.157012001,0.222329378,0.212818906,
Japan,JPN,Rule of Law: Estimate,RL.EST,,,,,,,,,,,,,,,,,,,,,,,,,,,,,,,,,,,,,1.347828865,,1.348525167,,1.289759159,,1.148551702,1.16399014,1.249472499,1.224396586,1.351525664,1.319830894,1.308669209,1.28708303,1.319658637,1.303699255,1.351365805,1.436062217,1.598023415,1.512890697,1.412507772,1.560074329,1.525385499,1.530416846,1.514700413,1.579463601,
Kazakhstan,KAZ,Rule of Law: Estimate,RL.EST,,,,,,,,,,,,,,,,,,,,,,,,,,,,,,,,,,,,,-1.186537743,,-1.113345981,,-1.150914669,,-1.202426076,-1.096897006,-1.126467347,-0.953236163,-1.102119327,-1.031902909,-0.926385999,-0.723441064,-0.695639729,-0.641633809,-0.772899032,-0.716203809,-0.609330893,-0.497048259,-0.497540891,-0.470122039,-0.485649407,-0.490241528,-0.443739504,-0.487137586,
Kenya,KEN,Rule of Law: Estimate,RL.EST,,,,,,,,,,,,,,,,,,,,,,,,,,,,,,,,,,,,,-1.021580696,,-1.028106928,,-0.921858788,,-0.966853559,-0.923378527,-0.864229918,-0.880881011,-0.882364631,-0.971304595,-0.999996305,-1.022645473,-0.953961968,-0.91299665,-0.831432939,-0.714889407,-0.411822498,-0.489032924,-0.440108865,-0.412448674,-0.409445375,-0.441785067,-0.550880373,-0.39034608,
Kyrgyz Republic,KGZ,Rule of Law: Estimate,RL.EST,,,,,,,,,,,,,,,,,,,,,,,,,,,,,,,,,,,,,-0.725473285,,-0.795788229,,-0.906720698,,-0.853914261,-0.760160029,-0.793166995,-1.123240829,-1.317292809,-1.321947098,-1.382913947,-1.329753757,-1.269457459,-1.196112633,-1.13484776,-1.114896059,-0.935829699,-1.007027745,-1.035013199,-0.933625519,-0.916139066,-0.895066559,-0.935322285,-1.073576093,
Cambodia,KHM,Rule of Law: Estimate,RL.EST,,,,,,,,,,,,,,,,,,,,,,,,,,,,,,,,,,,,,-1.194368839,,-1.17863512,,-1.08395493,,-1.162861705,-1.155108333,-1.214471936,-1.241782188,-1.238224626,-1.145186782,-1.155679584,-1.123961687,-1.123091936,-1.050488114,-0.98134619,-1.007445931,-0.954109788,-0.981696606,-1.070237637,-1.059446812,-1.120387316,-0.938387156,-0.944914877,-0.900165737,
Kiribati,KIR,Rule of Law: Estimate,RL.EST,,,,,,,,,,,,,,,,,,,,,,,,,,,,,,,,,,,,,0.809140563,,0.876508176,,0.839712262,,0.833945811,0.83328414,0.604025424,0.750548363,0.885014534,0.810023129,0.399890423,0.142270759,0.061862402,0.121154495,0.182903424,0.229458466,-0.105000816,-0.143192455,0.330069542,0.628090739,0.613248527,0.819380999,1.022425175,0.891396165,
St. Kitts and Nevis,KNA,Rule of Law: Estimate,RL.EST,,,,,,,,,,,,,,,,,,,,,,,,,,,,,,,,,,,,,0.809140563,,0.876508176,,0.839712262,,0.833945811,0.83328414,0.866565824,0.871094525,0.921211839,0.893503189,0.952271879,0.99384594,0.976546347,0.979530811,0.972676516,0.972780228,-0.674128115,0.519783318,0.491536111,0.529867709,0.554267943,0.474864781,0.523603559,0.496768057,
"Korea, Rep.",KOR,Rule of Law: Estimate,RL.EST,,,,,,,,,,,,,,,,,,,,,,,,,,,,,,,,,,,,,0.798747361,,0.778700531,,0.83033973,,0.920009971,0.80029881,0.909604073,0.974222898,0.83795172,1.010549784,0.860504568,0.994238853,1.00820756,1.025590301,0.984835565,0.945151508,1.006099105,0.927852929,1.153191805,1.158005118,1.228653908,1.1873734,1.175635934,1.126665831,
Kuwait,KWT,Rule of Law: Estimate,RL.EST,,,,,,,,,,,,,,,,,,,,,,,,,,,,,,,,,,,,,0.598828971,,0.608353674,,0.55249095,,0.591441989,0.548373997,0.507475495,0.527741909,0.529348493,0.593082547,0.58051306,0.580420554,0.585773587,0.542900205,0.362745106,0.360852838,0.023226205,-0.001405323,0.023942759,0.097872473,0.20569998,0.211396709,0.327760905,0.260516584,
Latin America & Caribbean (excluding high income),LAC,Rule of Law: Estimate,RL.EST,,,,,,,,,,,,,,,,,,,,,,,,,,,,,,,,,,,,,,,,,,,,,,,,,,,,,,,,,,,,,,,
Lao PDR,LAO,Rule of Law: Estimate,RL.EST,,,,,,,,,,,,,,,,,,,,,,,,,,,,,,,,,,,,,-1.047949672,,-0.992841363,,-1.057200789,,-1.25275147,-1.380210757,-1.259657979,-1.173480153,-1.014828324,-0.956503332,-0.874180317,-1.049798012,-0.974354088,-1.002358794,-0.856835246,-0.803554475,-0.756003857,-0.810994565,-0.801922917,-0.890248179,-0.850723505,-0.95339942,-0.857892215,-0.641927063,
Lebanon,LBN,Rule of Law: Estimate,RL.EST,,,,,,,,,,,,,,,,,,,,,,,,,,,,,,,,,,,,,-0.282953978,,-0.41389513,,-0.16597046,,-0.278718442,-0.346831739,-0.201959789,-0.232234254,-0.601163983,-0.656928778,-0.606169164,-0.614996731,-0.644749224,-0.634227335,-0.700235009,-0.731645644,-0.720965028,-0.789825678,-0.796596467,-0.794015706,-0.766756296,-0.834570825,-0.888719499,-1.073566079,
Liberia,LBR,Rule of Law: Estimate,RL.EST,,,,,,,,,,,,,,,,,,,,,,,,,,,,,,,,,,,,,-1.927978277,,-1.802050948,,-1.880869508,,-1.631252885,-1.533646107,-1.563163638,-1.319937825,-0.883909762,-0.906182289,-1.105971694,-1.025160193,-0.973339379,-0.937408507,-0.888212502,-0.881992996,-0.803596199,-0.858709216,-0.953627825,-0.955902696,-0.984665096,-0.986838162,-1.016960144,-0.925903976,
Libya,LBY,Rule of Law: Estimate,RL.EST,,,,,,,,,,,,,,,,,,,,,,,,,,,,,,,,,,,,,-1.183470845,,-1.118726015,,-0.997799516,,-1.143618464,-0.907567978,-0.910640359,-0.980864763,-1.080170631,-0.955795527,-0.823480368,-0.943409562,-1.009421706,-1.078314066,-0.980967283,-1.260800362,-1.389462471,-1.508402467,-1.689595222,-1.672351837,-1.680119991,-1.747566581,-1.856750488,-1.784263253,
St. Lucia,LCA,Rule of Law: Estimate,RL.EST,,,,,,,,,,,,,,,,,,,,,,,,,,,,,,,,,,,,,0.809140563,,0.876508176,,0.839712262,,0.833945811,0.83328414,0.803764105,0.826629877,0.873946965,0.84882313,0.912249744,0.890109956,0.852938831,0.826713979,0.720896304,0.771275342,0.626313031,0.733013809,0.574535549,0.637073278,0.660784066,0.607307673,0.683387756,0.631702065,
Latin America & Caribbean,LCN,Rule of Law: Estimate,RL.EST,,,,,,,,,,,,,,,,,,,,,,,,,,,,,,,,,,,,,,,,,,,,,,,,,,,,,,,,,,,,,,,
Least developed countries: UN classification,LDC,Rule of Law: Estimate,RL.EST,,,,,,,,,,,,,,,,,,,,,,,,,,,,,,,,,,,,,,,,,,,,,,,,,,,,,,,,,,,,,,,
Low income,LIC,Rule of Law: Estimate,RL.EST,,,,,,,,,,,,,,,,,,,,,,,,,,,,,,,,,,,,,,,,,,,,,,,,,,,,,,,,,,,,,,,
Liechtenstein,LIE,Rule of Law: Estimate,RL.EST,,,,,,,,,,,,,,,,,,,,,,,,,,,,,,,,,,,,,1.467703342,,1.47467351,,1.497418046,,1.484874725,1.271467805,1.080844164,0.966194272,1.059530973,1.394881964,1.420503497,1.611284494,1.616719484,1.610260248,1.594992995,1.577415586,1.73981142,1.679707766,1.679316401,1.66780436,1.668915749,1.671435118,1.752746582,1.743786216,
Sri Lanka,LKA,Rule of Law: Estimate,RL.EST,,,,,,,,,,,,,,,,,,,,,,,,,,,,,,,,,,,,,0.161260232,,0.064277157,,0.159529582,,0.338851631,0.244941875,0.21113658,0.158469424,0.177752674,0.131876916,-0.000771665,-0.101635471,-0.118414134,-0.117064774,-0.114084356,-0.265588671,-0.149271369,0.05063723,0.125161454,0.047170132,0.020149693,0.060809005,0.00735091,0.038458109,
Lower middle income,LMC,Rule of Law: Estimate,RL.EST,,,,,,,,,,,,,,,,,,,,,,,,,,,,,,,,,,,,,,,,,,,,,,,,,,,,,,,,,,,,,,,
Low & middle income,LMY,Rule of Law: Estimate,RL.EST,,,,,,,,,,,,,,,,,,,,,,,,,,,,,,,,,,,,,,,,,,,,,,,,,,,,,,,,,,,,,,,
Lesotho,LSO,Rule of Law: Estimate,RL.EST,,,,,,,,,,,,,,,,,,,,,,,,,,,,,,,,,,,,,0.098356642,,0.167446434,,0.098110527,,0.082418576,0.084663391,-0.12588723,-0.189165324,-0.236582726,-0.312398791,-0.24636732,-0.221786112,-0.290129393,-0.270240843,-0.269323468,-0.203317836,-0.209582657,-0.178320691,-0.170060232,-0.280790567,-0.349721283,-0.404333413,-0.465563893,-0.410292715,
Late-demographic dividend,LTE,Rule of Law: Estimate,RL.EST,,,,,,,,,,,,,,,,,,,,,,,,,,,,,,,,,,,,,,,,,,,,,,,,,,,,,,,,,,,,,,,
Lithuania,LTU,Rule of Law: Estimate,RL.EST,,,,,,,,,,,,,,,,,,,,,,,,,,,,,,,,,,,,,0.449879706,,0.552288771,,0.218402535,,0.397895068,0.485247016,0.560759306,0.577139497,0.706575036,0.685900152,0.684017599,0.722068608,0.77632606,0.76803118,0.844753981,0.829977274,0.937443316,1.003348947,1.022138238,0.987522304,0.950238943,1.016596913,0.985400498,1.109867454,
Luxembourg,LUX,Rule of Law: Estimate,RL.EST,,,,,,,,,,,,,,,,,,,,,,,,,,,,,,,,,,,,,1.709999084,,1.763727546,,1.815313816,,1.870569706,1.827028513,1.844977856,1.818800569,1.686774373,1.747909904,1.78934145,1.819683671,1.844100356,1.823530078,1.791685104,1.807661772,1.902147532,1.868038893,1.750776649,1.731298923,1.801395774,1.785245538,1.782572985,1.786879659,
Latvia,LVA,Rule of Law: Estimate,RL.EST,,,,,,,,,,,,,,,,,,,,,,,,,,,,,,,,,,,,,0.133667782,,0.236508295,,0.14890109,,0.310219884,0.58185941,0.538846016,0.565877914,0.61689353,0.715804815,0.777326226,0.789916635,0.75860405,0.74016881,0.779922068,0.762004912,0.870828807,0.790362477,0.95198983,0.926356196,0.949865222,1.007672429,0.949904144,0.981282294,
"Macao SAR, China",MAC,Rule of Law: Estimate,RL.EST,,,,,,,,,,,,,,,,,,,,,,,,,,,,,,,,,,,,,0.211933628,,0.201268852,,0.18939881,,0.688569546,1.228445053,1.371109247,0.720198452,0.434603959,0.309399664,0.457685977,0.706063688,0.71714294,0.686168373,0.647356212,0.638162911,0.950151205,0.919160068,0.849079609,0.843588769,1.002500415,0.912787259,0.842416823,0.811503649,
St. Martin (French part),MAF,Rule of Law: Estimate,RL.EST,,,,,,,,,,,,,,,,,,,,,,,,,,,,,,,,,,,,,,,,,,,,,,,,,,,,,,,,,,,,,,,
Morocco,MAR,Rule of Law: Estimate,RL.EST,,,,,,,,,,,,,,,,,,,,,,,,,,,,,,,,,,,,,0.221231312,,0.129340261,,0.098202221,,-0.049010798,-0.112911001,-0.049032051,-0.269636899,-0.318183392,-0.32965067,-0.385672748,-0.262815058,-0.213534176,-0.275484473,-0.292328745,-0.34456414,-0.130764112,-0.161094025,-0.25655067,-0.260471582,-0.229766533,-0.247476295,-0.191629991,-0.25322035,
Monaco,MCO,Rule of Law: Estimate,RL.EST,,,,,,,,,,,,,,,,,,,,,,,,,,,,,,,,,,,,,0.809140563,,0.876508176,,0.839712262,,0.833945811,0.83328414,0.826330423,0.776517034,0.984307051,0.87686491,0.901979089,0.943857253,0.882354259,0.939608097,0.926880658,0.929197848,,,,,,,,,
Moldova,MDA,Rule of Law: Estimate,RL.EST,,,,,,,,,,,,,,,,,,,,,,,,,,,,,,,,,,,,,-0.121130094,,-0.063543558,,-0.468696684,,-0.626159787,-0.539445102,-0.36706993,-0.351528734,-0.517649949,-0.506612957,-0.424041241,-0.434595019,-0.35761109,-0.327680469,-0.323007405,-0.36957255,-0.244262472,-0.358620942,-0.498135626,-0.418779314,-0.418074727,-0.427145123,-0.467885017,-0.331918448,
Madagascar,MDG,Rule of Law: Estimate,RL.EST,,,,,,,,,,,,,,,,,,,,,,,,,,,,,,,,,,,,,-0.403521746,,-0.37104407,,-0.193513155,,-0.209681615,-0.246573523,-0.274371654,-0.352792233,-0.448409081,-0.389401674,-0.455655754,-0.732627451,-0.878425717,-0.894967437,-0.927833796,-0.920528054,-0.736539125,-0.683734894,-0.819490135,-0.863731086,-0.820710719,-0.996893346,-0.860703111,-0.866766155,
Maldives,MDV,Rule of Law: Estimate,RL.EST,,,,,,,,,,,,,,,,,,,,,,,,,,,,,,,,,,,,,0.01748983,,-0.17673704,,0.253678381,,-0.069341622,0.079446733,-0.298393637,0.09036915,-0.034912698,-0.131116077,-0.171761319,-0.151592925,-0.319186181,-0.542268932,-0.544501007,-0.748006761,-0.520292759,-0.574836671,-0.378165781,-0.612919569,-0.538106263,-0.395875484,-0.28810057,-0.171864733,
Middle East & North Africa,MEA,Rule of Law: Estimate,RL.EST,,,,,,,,,,,,,,,,,,,,,,,,,,,,,,,,,,,,,,,,,,,,,,,,,,,,,,,,,,,,,,,
Mexico,MEX,Rule of Law: Estimate,RL.EST,,,,,,,,,,,,,,,,,,,,,,,,,,,,,,,,,,,,,-0.726646364,,-0.532132268,,-0.426509559,,-0.349208415,-0.377902716,-0.40991047,-0.382989526,-0.472546279,-0.542932212,-0.68928355,-0.562868834,-0.552031338,-0.549887717,-0.535180092,-0.549149871,-0.406367481,-0.43499878,-0.564790964,-0.569108903,-0.626365125,-0.646010876,-0.647769392,-0.799713492,
Marshall Islands,MHL,Rule of Law: Estimate,RL.EST,,,,,,,,,,,,,,,,,,,,,,,,,,,,,,,,,,,,,-0.202153459,,-0.161209628,,0.839712262,,0.833945811,0.83328414,0.826330423,0.498723,0.627963364,0.873276591,0.790415227,0.33556205,0.404105574,0.172931656,0.106395051,0.244046077,-0.200024933,-0.196748719,-0.031740621,0.22159344,0.016908167,0.006693363,0.089149415,0.240014657,
Middle income,MIC,Rule of Law: Estimate,RL.EST,,,,,,,,,,,,,,,,,,,,,,,,,,,,,,,,,,,,,,,,,,,,,,,,,,,,,,,,,,,,,,,
North Macedonia,MKD,Rule of Law: Estimate,RL.EST,,,,,,,,,,,,,,,,,,,,,,,,,,,,,,,,,,,,,-0.307622254,,-0.331668794,,-0.596572578,,-0.576304018,-0.50677222,-0.192752615,-0.297171354,-0.537630379,-0.421303213,-0.320377529,-0.291893154,-0.302208334,-0.269508898,-0.251570195,-0.230700821,-0.055596132,-0.216180369,-0.325061351,-0.289568126,-0.287450105,-0.282343388,-0.082664944,-0.075887896,
Mali,MLI,Rule of Law: Estimate,RL.EST,,,,,,,,,,,,,,,,,,,,,,,,,,,,,,,,,,,,,-0.296910822,,-0.227835923,,-0.241970614,,-0.26400432,0.030082576,-0.194137424,-0.140042946,-0.287434399,-0.182401553,-0.319483638,-0.363101393,-0.447257936,-0.500218213,-0.66488874,-0.747100413,-0.635085225,-0.731496513,-0.784820855,-0.778240204,-0.799025118,-0.846366882,-0.933597565,-0.902032435,
Malta,MLT,Rule of Law: Estimate,RL.EST,,,,,,,,,,,,,,,,,,,,,,,,,,,,,,,,,,,,,1.053969502,,1.26121223,,1.364152908,,1.474942684,1.539959669,1.313317418,1.415869355,1.555626631,1.612925768,1.613659978,1.473655939,1.410112262,1.27858007,1.338508248,1.325734019,1.191220164,1.130605817,0.990640938,1.138231635,1.046584249,0.946133077,0.909834623,0.864450693,
Myanmar,MMR,Rule of Law: Estimate,RL.EST,,,,,,,,,,,,,,,,,,,,,,,,,,,,,,,,,,,,,-1.580613971,,-1.534330487,,-1.42889154,,-1.716236353,-1.703699946,-1.736289382,-1.735870838,-1.535485148,-1.549232721,-1.542073727,-1.535036683,-1.551294684,-1.439666033,-1.356775403,-1.243450284,-1.194209933,-1.252220035,-0.88777113,-0.945896864,-1.026466131,-1.060501575,-1.174458504,-1.456172585,
Middle East & North Africa (excluding high income),MNA,Rule of Law: Estimate,RL.EST,,,,,,,,,,,,,,,,,,,,,,,,,,,,,,,,,,,,,,,,,,,,,,,,,,,,,,,,,,,,,,,
Montenegro,MNE,Rule of Law: Estimate,RL.EST,,,,,,,,,,,,,,,,,,,,,,,,,,,,,,,,,,,,,,,-0.79322499,,0.316736132,,0.274070203,-0.175401419,-0.215662122,-0.138817459,-0.212690175,-0.194273695,-0.088904634,-0.016553286,-0.063613631,-0.058861792,-0.058480583,-0.034214381,0.014262914,-0.023508191,-0.115197971,-0.089833975,0.024428867,0.017466683,-0.01262544,-0.059087977,
Mongolia,MNG,Rule of Law: Estimate,RL.EST,,,,,,,,,,,,,,,,,,,,,,,,,,,,,,,,,,,,,0.201410368,,0.242999539,,0.000508486,,0.240923017,0.298580945,0.17883037,-0.218004078,-0.316718906,-0.340681046,-0.33484903,-0.263375491,-0.364841193,-0.262269258,-0.367212653,-0.362178117,-0.330959737,-0.371399164,-0.209160477,-0.297292203,-0.259232908,-0.236219063,-0.242895097,-0.225342378,
Northern Mariana Islands,MNP,Rule of Law: Estimate,RL.EST,,,,,,,,,,,,,,,,,,,,,,,,,,,,,,,,,,,,,,,,,,,,,,,,,,,,,,,,,,,,,,,
Mozambique,MOZ,Rule of Law: Estimate,RL.EST,,,,,,,,,,,,,,,,,,,,,,,,,,,,,,,,,,,,,-0.805689931,,-0.832234144,,-0.802073956,,-0.732186139,-0.701580405,-0.680054009,-0.633744419,-0.619978487,-0.609173477,-0.616658092,-0.600408316,-0.48764661,-0.579845726,-0.598753095,-0.81991297,-0.808949351,-0.851320684,-1.063905597,-0.994594216,-1.053599477,-1.055682063,-1.054817677,-1.03502357,
Mauritania,MRT,Rule of Law: Estimate,RL.EST,,,,,,,,,,,,,,,,,,,,,,,,,,,,,,,,,,,,,-0.503623307,,-0.457131624,,-0.405623823,,-0.486519575,-0.616726696,-0.757936656,-0.725180209,-0.79064399,-0.702090204,-1.160151958,-0.814965606,-0.897638857,-0.929718733,-0.939481437,-1.008838177,-0.873080671,-0.883559704,-0.734288871,-0.603195906,-0.692997277,-0.590795577,-0.59210217,-0.670558989,
Mauritius,MUS,Rule of Law: Estimate,RL.EST,,,,,,,,,,,,,,,,,,,,,,,,,,,,,,,,,,,,,0.895846069,,1.017152309,,0.944507837,,1.000080705,0.924558163,0.899706066,0.941242993,0.830360055,0.851229131,0.938418508,0.897427082,0.887274206,0.935304999,1.02395618,0.966420889,0.94889307,0.868463099,0.710586309,0.693787754,0.735955834,0.720553696,0.925534308,0.873426914,
Malawi,MWI,Rule of Law: Estimate,RL.EST,,,,,,,,,,,,,,,,,,,,,,,,,,,,,,,,,,,,,-0.376664609,,-0.42472738,,-0.527763844,,-0.390916765,-0.180311486,-0.130423248,-0.123802178,-0.222235888,-0.166308999,-0.117958434,-0.11745359,-0.137619033,-0.165708616,-0.240807325,-0.162497178,-0.288721323,-0.316200823,-0.381714493,-0.376728415,-0.389954031,-0.338825971,-0.269207835,-0.238201827,
Malaysia,MYS,Rule of Law: Estimate,RL.EST,,,,,,,,,,,,,,,,,,,,,,,,,,,,,,,,,,,,,0.521090984,,0.28235504,,0.195348084,,0.393110812,0.466075152,0.458940268,0.433445394,0.449109823,0.366876483,0.247283861,0.373885453,0.39389044,0.402631521,0.379769444,0.341402948,0.524190724,0.42457667,0.408890367,0.410093844,0.553363502,0.515538275,0.594114602,0.557822585,
North America,NAC,Rule of Law: Estimate,RL.EST,,,,,,,,,,,,,,,,,,,,,,,,,,,,,,,,,,,,,,,,,,,,,,,,,,,,,,,,,,,,,,,
Namibia,NAM,Rule of Law: Estimate,RL.EST,,,,,,,,,,,,,,,,,,,,,,,,,,,,,,,,,,,,,0.251412272,,0.178116381,,0.120125674,,0.279029697,0.288175642,-0.022537267,-0.066113971,0.196435556,0.16077818,0.437859297,0.252103716,0.214178309,0.163114116,0.30407232,0.318986148,0.206357837,0.258722186,0.478618205,0.298591077,0.351872444,0.390159935,0.362674594,0.362279296,
New Caledonia,NCL,Rule of Law: Estimate,RL.EST,,,,,,,,,,,,,,,,,,,,,,,,,,,,,,,,,,,,,,,,,,,,,,,,,,,,,,,,,,,,,,,
Niger,NER,Rule of Law: Estimate,RL.EST,,,,,,,,,,,,,,,,,,,,,,,,,,,,,,,,,,,,,-0.655014396,,-0.683503091,,-0.765444338,,-0.646826029,-0.522455037,-0.649457633,-0.721390843,-0.601572275,-0.613011897,-0.680911064,-0.491859823,-0.499165297,-0.407697648,-0.663967431,-0.666100204,-0.650558889,-0.577400088,-0.67207396,-0.689842284,-0.588809729,-0.541376114,-0.55643189,-0.404807776,
Nigeria,NGA,Rule of Law: Estimate,RL.EST,,,,,,,,,,,,,,,,,,,,,,,,,,,,,,,,,,,,,-1.289722919,,-1.189121246,,-1.160920024,,-1.495899796,-1.512510061,-1.439663053,-1.35421598,-1.075395942,-1.06105268,-1.038304806,-1.156107783,-1.158836246,-1.17883873,-1.138828754,-1.120073915,-1.055568933,-0.967466533,-1.026061773,-0.874379098,-0.903242588,-0.922569573,-0.82598722,-0.855664015,
Nicaragua,NIC,Rule of Law: Estimate,RL.EST,,,,,,,,,,,,,,,,,,,,,,,,,,,,,,,,,,,,,-0.515926838,,-0.605091035,,-0.862790763,,-0.677636325,-0.56024915,-0.788531184,-0.614661515,-0.752042234,-0.788387358,-0.808183551,-0.786913633,-0.837366939,-0.725575924,-0.733911514,-0.674381673,-0.714282215,-0.743785203,-0.644824803,-0.646767437,-1.066162586,-1.186471462,-1.184166193,-1.355992436,
Netherlands,NLD,Rule of Law: Estimate,RL.EST,,,,,,,,,,,,,,,,,,,,,,,,,,,,,,,,,,,,,1.695256948,,1.742527723,,1.74453032,,1.707259417,1.709473133,1.738020301,1.752622843,1.769746184,1.769875288,1.74962914,1.807020068,1.811732054,1.812573433,1.852681756,1.825339913,1.973513007,1.936329961,1.876885533,1.790003061,1.777302384,1.769281983,1.748748064,1.739347577,
Norway,NOR,Rule of Law: Estimate,RL.EST,,,,,,,,,,,,,,,,,,,,,,,,,,,,,,,,,,,,,1.923315287,,1.949824214,,1.830875516,,1.848752975,1.881104231,1.9619627,1.912481785,1.965772152,1.928292036,1.95778656,1.873499155,1.88987577,1.864178061,1.951031089,1.970936894,2.024377823,2.004235983,2.025863886,2.013377428,1.955711484,1.976261616,1.972491264,1.949851394,
Nepal,NPL,Rule of Law: Estimate,RL.EST,,,,,,,,,,,,,,,,,,,,,,,,,,,,,,,,,,,,,-0.006175261,,0.009221238,,-0.210961655,,-0.517511368,-0.61063081,-0.753035843,-0.825216174,-0.621390879,-0.588803828,-0.669306338,-0.867817461,-0.959066808,-0.89161092,-0.737359285,-0.718928397,-0.649084508,-0.681917131,-0.800943196,-0.678639472,-0.475378603,-0.536536455,-0.488593698,-0.466634363,
Nauru,NRU,Rule of Law: Estimate,RL.EST,,,,,,,,,,,,,,,,,,,,,,,,,,,,,,,,,,,,,0.809140563,,0.876508176,,0.839712262,,0.833945811,0.83328414,0.826330423,0.776517034,0.984307051,0.502608538,0.365038484,0.473168194,0.458726168,0.555818677,0.726925969,0.617867887,-1.005572319,-1.086264968,-0.776702881,-0.730496228,-0.693394721,-0.765545428,-0.747854829,-0.777099788,
New Zealand,NZL,Rule of Law: Estimate,RL.EST,,,,,,,,,,,,,,,,,,,,,,,,,,,,,,,,,,,,,1.858393788,,1.850499153,,1.795413971,,1.791151166,1.848329544,1.848830819,1.846398473,1.794790864,1.826816559,1.850659728,1.922674894,1.861887574,1.89464736,1.883210063,1.870151043,2.004160881,1.99450326,1.944261789,1.916123152,1.866622925,1.876332879,1.873399258,1.818318009,
OECD members,OED,Rule of Law: Estimate,RL.EST,,,,,,,,,,,,,,,,,,,,,,,,,,,,,,,,,,,,,,,,,,,,,,,,,,,,,,,,,,,,,,,
Oman,OMN,Rule of Law: Estimate,RL.EST,,,,,,,,,,,,,,,,,,,,,,,,,,,,,,,,,,,,,0.550159752,,0.4239721,,0.537889302,,0.450584829,0.466124862,0.51106745,0.306262553,0.286412954,0.401494563,0.586111426,0.549425185,0.53682369,0.461840659,0.518843412,0.486907274,0.485294878,0.37357989,0.402702987,0.428314507,0.459107876,0.54928875,0.615264595,0.405818224,
Other small states,OSS,Rule of Law: Estimate,RL.EST,,,,,,,,,,,,,,,,,,,,,,,,,,,,,,,,,,,,,,,,,,,,,,,,,,,,,,,,,,,,,,,
Pakistan,PAK,Rule of Law: Estimate,RL.EST,,,,,,,,,,,,,,,,,,,,,,,,,,,,,,,,,,,,,-0.625289619,,-0.793338299,,-1.000389218,,-0.931637406,-0.920624614,-0.994449377,-0.890321434,-0.857247531,-0.887544632,-0.972613692,-0.838977218,-0.737805545,-0.906628191,-0.883420169,-0.855993092,-0.750930011,-0.759480298,-0.802612841,-0.71900171,-0.666854441,-0.671738863,-0.693787277,-0.63702172,
Panama,PAN,Rule of Law: Estimate,RL.EST,,,,,,,,,,,,,,,,,,,,,,,,,,,,,,,,,,,,,-0.166979954,,-0.130363435,,-0.187658608,,-0.08833684,-0.140504897,-0.107689194,-0.101316899,-0.155252963,-0.174098477,-0.203979909,-0.097268507,-0.080293067,0.025878649,-0.222083896,-0.253400028,-0.064788446,-0.120523445,0.052947748,0.027954057,-0.139169291,-0.172175571,-0.266600341,-0.247416601,
Peru,PER,Rule of Law: Estimate,RL.EST,,,,,,,,,,,,,,,,,,,,,,,,,,,,,,,,,,,,,-0.696724594,,-0.738637686,,-0.718046725,,-0.557922065,-0.588656902,-0.545422077,-0.700787902,-0.704654872,-0.751626134,-0.730335593,-0.624266803,-0.566099524,-0.580825686,-0.581970215,-0.574129939,-0.522220552,-0.479866028,-0.48007673,-0.506628633,-0.550071418,-0.502912223,-0.379240245,-0.51561743,
Philippines,PHL,Rule of Law: Estimate,RL.EST,,,,,,,,,,,,,,,,,,,,,,,,,,,,,,,,,,,,,0.074511446,,0.027259612,,-0.388529211,,-0.386543155,-0.550385237,-0.628952265,-0.333545029,-0.406893373,-0.463091701,-0.55022186,-0.574997306,-0.553793609,-0.50638926,-0.522410274,-0.468730181,-0.369280577,-0.397609949,-0.414423525,-0.482937932,-0.5473032,-0.552665591,-0.625838637,-0.641974866,
Palau,PLW,Rule of Law: Estimate,RL.EST,,,,,,,,,,,,,,,,,,,,,,,,,,,,,,,,,,,,,0.809140563,,0.876508176,,0.839712262,,0.833945811,0.83328414,0.826330423,0.776517034,0.984307051,0.87686491,0.771132886,0.805255592,0.74797523,0.887741566,0.898058653,0.897257924,0.275646389,0.241654158,0.319177091,0.279734701,0.301245809,0.309936017,-0.187905729,-0.161713928,
Papua New Guinea,PNG,Rule of Law: Estimate,RL.EST,,,,,,,,,,,,,,,,,,,,,,,,,,,,,,,,,,,,,-0.616937637,,-0.518381953,,-0.758837521,,-0.747169495,-0.945253909,-0.762719393,-1.01297164,-0.834696293,-0.861481845,-0.916235209,-0.912058353,-0.93251121,-0.810600579,-0.832595944,-0.942069948,-0.774425447,-0.844609261,-0.761734009,-0.808829367,-0.747538388,-0.789312482,-0.698419213,-0.740271628,
Poland,POL,Rule of Law: Estimate,RL.EST,,,,,,,,,,,,,,,,,,,,,,,,,,,,,,,,,,,,,0.767495036,,0.798767924,,0.633313119,,0.670436203,0.510291219,0.416306943,0.470091373,0.382761627,0.40907228,0.550622165,0.645846784,0.712359011,0.794908702,0.817868531,0.839548349,0.871664524,0.827783585,0.615949392,0.422392815,0.399455518,0.412422895,0.529685378,0.444528878,
Pre-demographic dividend,PRE,Rule of Law: Estimate,RL.EST,,,,,,,,,,,,,,,,,,,,,,,,,,,,,,,,,,,,,,,,,,,,,,,,,,,,,,,,,,,,,,,
Puerto Rico,PRI,Rule of Law: Estimate,RL.EST,,,,,,,,,,,,,,,,,,,,,,,,,,,,,,,,,,,,,0.96063441,,0.957083583,,0.970597625,,0.948852479,0.703260601,0.788976133,0.585461497,0.51868993,0.575748801,0.53743279,0.761055648,0.760903239,0.726528645,0.793113589,0.667774379,0.766151249,0.743447602,0.653357029,0.617949426,0.580752432,0.582143188,0.627198517,0.600995958,
"Korea, Dem. People's Rep.",PRK,Rule of Law: Estimate,RL.EST,,,,,,,,,,,,,,,,,,,,,,,,,,,,,,,,,,,,,-1.154060125,,-1.153196096,,-1.066339135,,-1.315216064,-1.167234182,-1.275382996,-1.141587377,-1.393410683,-1.260287404,-1.235351801,-1.344023705,-1.382789493,-1.385836244,-1.354029894,-1.382066011,-1.619468331,-1.64396584,-1.668085933,-1.715506077,-1.634487629,-1.65111959,-1.600419402,-1.626438856,
Portugal,PRT,Rule of Law: Estimate,RL.EST,,,,,,,,,,,,,,,,,,,,,,,,,,,,,,,,,,,,,1.286294818,,1.242640018,,1.200192928,,1.307514071,1.276252508,1.233051419,1.224315524,0.97526747,1.003112078,1.011244416,1.058413267,1.025784135,0.996393919,1.036111951,1.038563251,1.119520068,1.126800776,1.067449689,1.129573941,1.135092974,1.131764054,1.177211642,1.133409142,
Paraguay,PRY,Rule of Law: Estimate,RL.EST,,,,,,,,,,,,,,,,,,,,,,,,,,,,,,,,,,,,,-0.663562596,,-0.834110796,,-0.989421189,,-1.123306632,-1.052339792,-0.981866181,-0.963428319,-0.971096039,-0.964514315,-0.910835207,-0.857977033,-0.830411494,-0.800011337,-0.81082052,-0.766909003,-0.604193926,-0.625590086,-0.676253736,-0.653330326,-0.586157024,-0.552163303,-0.41182974,-0.557476759,
West Bank and Gaza,PSE,Rule of Law: Estimate,RL.EST,,,,,,,,,,,,,,,,,,,,,,,,,,,,,,,,,,,,,-0.039659597,,-0.051891938,,-0.096575677,,-0.348653823,-0.107248865,-0.269434273,-0.343224317,-0.391614825,-0.625909269,-0.758877277,-0.314800739,-0.209301576,-0.436717898,-0.445701063,-0.400905102,-0.383387715,-0.507211566,-0.346323133,-0.418358684,-0.486841977,-0.488022923,-0.462269396,-0.496767908,
Pacific island small states,PSS,Rule of Law: Estimate,RL.EST,,,,,,,,,,,,,,,,,,,,,,,,,,,,,,,,,,,,,,,,,,,,,,,,,,,,,,,,,,,,,,,
Post-demographic dividend,PST,Rule of Law: Estimate,RL.EST,,,,,,,,,,,,,,,,,,,,,,,,,,,,,,,,,,,,,,,,,,,,,,,,,,,,,,,,,,,,,,,
French Polynesia,PYF,Rule of Law: Estimate,RL.EST,,,,,,,,,,,,,,,,,,,,,,,,,,,,,,,,,,,,,,,,,,,,,,,,,,,,,,,,,,,,,,,
Qatar,QAT,Rule of Law: Estimate,RL.EST,,,,,,,,,,,,,,,,,,,,,,,,,,,,,,,,,,,,,-0.035593808,,0.172034457,,0.488340974,,0.52409327,0.424307197,0.338918656,0.576530278,0.624771059,0.519775093,0.670135021,0.902352452,0.845954716,0.750734091,0.952364326,0.95217073,0.86247611,0.766341507,0.787816525,0.718752921,0.728170216,0.728758276,0.99586314,0.927772462,
Romania,ROU,Rule of Law: Estimate,RL.EST,,,,,,,,,,,,,,,,,,,,,,,,,,,,,,,,,,,,,-0.021942498,,-0.110562637,,-0.181834966,,-0.265604585,-0.210054368,-0.186782703,-0.154217437,-0.134708419,-0.105703734,-0.01557025,0.053940374,0.106409565,0.104707606,0.092900537,0.190192178,0.242191851,0.226327732,0.474753588,0.458801478,0.390408784,0.440403879,0.392174125,0.407664686,
Russian Federation,RUS,Rule of Law: Estimate,RL.EST,,,,,,,,,,,,,,,,,,,,,,,,,,,,,,,,,,,,,-0.794187605,,-0.855796993,,-1.083695054,,-0.874504149,-0.957668245,-0.915175259,-0.963954508,-0.987496436,-1.007557988,-1.011455894,-0.80649823,-0.79579109,-0.747264206,-0.857621253,-0.82155776,-0.772919178,-0.798314273,-0.831809402,-0.830812931,-0.817522347,-0.752920866,-0.787609994,-0.869817555,
Rwanda,RWA,Rule of Law: Estimate,RL.EST,,,,,,,,,,,,,,,,,,,,,,,,,,,,,,,,,,,,,-1.502152324,,-1.460957766,,-1.370818377,,-1.071291208,-0.958221376,-0.851733506,-0.862899542,-0.675532937,-0.579642594,-0.472401887,-0.504221857,-0.330831766,-0.304123908,-0.25050208,-0.146716297,0.070237465,0.05940634,0.115032583,0.137524739,0.13041994,0.083647668,0.107990287,0.201179966,
South Asia,SAS,Rule of Law: Estimate,RL.EST,,,,,,,,,,,,,,,,,,,,,,,,,,,,,,,,,,,,,,,,,,,,,,,,,,,,,,,,,,,,,,,
Saudi Arabia,SAU,Rule of Law: Estimate,RL.EST,,,,,,,,,,,,,,,,,,,,,,,,,,,,,,,,,,,,,0.114562631,,0.046700627,,-0.165411279,,-0.017828591,0.108946495,0.012112825,-0.022657473,0.011266703,0.067988209,0.068728328,0.045110777,0.149531841,0.046536326,0.144349769,0.152995586,0.132624105,0.115081936,0.332620949,0.095374554,0.136871204,0.164395228,0.236308724,0.23015663,
Sudan,SDN,Rule of Law: Estimate,RL.EST,,,,,,,,,,,,,,,,,,,,,,,,,,,,,,,,,,,,,-1.708835721,,-1.670088053,,-1.631618261,,-1.320370078,-1.556952,-1.531639934,-1.649950027,-1.376057744,-1.424864531,-1.445023775,-1.270070553,-1.337230921,-1.30141592,-1.243647814,-1.283145666,-1.169579864,-1.215296388,-1.271643877,-1.112071037,-1.123864174,-1.161944866,-1.079388857,-1.210105419,
Senegal,SEN,Rule of Law: Estimate,RL.EST,,,,,,,,,,,,,,,,,,,,,,,,,,,,,,,,,,,,,-0.181543231,,0.068834841,,0.079988182,,0.089251734,-0.052030485,0.020185215,0.009816418,-0.22130622,-0.239804193,-0.280423701,-0.367224395,-0.397503406,-0.456045747,-0.281967074,-0.236131489,-0.075510599,-0.141871631,-0.108308889,-0.150462985,-0.205593452,-0.191692054,-0.285696387,-0.36444363,
Singapore,SGP,Rule of Law: Estimate,RL.EST,,,,,,,,,,,,,,,,,,,,,,,,,,,,,,,,,,,,,1.239345193,,1.237705231,,1.272660255,,1.377238035,1.53715086,1.638096452,1.695873618,1.573898673,1.595723987,1.594892859,1.558843374,1.618847609,1.660753489,1.724078059,1.69718194,1.820654988,1.807000279,1.815454125,1.81628406,1.835307002,1.870168209,1.870237231,1.857712865,
Solomon Islands,SLB,Rule of Law: Estimate,RL.EST,,,,,,,,,,,,,,,,,,,,,,,,,,,,,,,,,,,,,0.739518106,,0.7313869,,0.571376622,,0.140795693,0.210127503,-0.789211392,-0.814222395,-0.603670895,-0.78153491,-0.63335222,-0.675235212,-0.647864223,-0.518693209,-0.528098583,-0.512893558,-0.490208209,-0.474889934,-0.279953063,-0.167485535,-0.176912308,-0.09686444,-0.020779163,-0.35153684,
Sierra Leone,SLE,Rule of Law: Estimate,RL.EST,,,,,,,,,,,,,,,,,,,,,,,,,,,,,,,,,,,,,-1.381991386,,-1.314346433,,-1.2887429,,-1.344338536,-1.194705486,-1.150321126,-1.151015639,-0.992507756,-0.994199395,-0.944533825,-0.914634764,-0.9471398,-0.862535298,-0.867620051,-0.867795408,-0.935593963,-0.870422065,-0.790448606,-0.791663229,-0.782499313,-0.784437656,-0.769567072,-0.818652034,
El Salvador,SLV,Rule of Law: Estimate,RL.EST,,,,,,,,,,,,,,,,,,,,,,,,,,,,,,,,,,,,,-0.870225966,,-0.690760374,,-0.803453267,,-0.566521049,-0.51685524,-0.490908056,-0.505208492,-0.691741586,-0.722936034,-0.694341421,-0.783321619,-0.865749896,-0.751709402,-0.728603363,-0.636897326,-0.469058067,-0.597598195,-0.743229032,-0.857871532,-0.915009916,-0.847973704,-0.751098216,-0.8475371,
San Marino,SMR,Rule of Law: Estimate,RL.EST,,,,,,,,,,,,,,,,,,,,,,,,,,,,,,,,,,,,,0.809140563,,0.876508176,,0.839712262,,0.833945811,0.83328414,0.826330423,0.776517034,0.984307051,0.87686491,0.901979089,0.943857253,0.882354259,0.939608097,0.926880658,0.929197848,,,,,,,,,
Somalia,SOM,Rule of Law: Estimate,RL.EST,,,,,,,,,,,,,,,,,,,,,,,,,,,,,,,,,,,,,-2.144657373,,-2.136153221,,-2.190433979,,-1.937135339,-2.048284769,-2.288663864,-2.219452381,-2.350462914,-2.419229984,-2.590877056,-2.45029664,-2.40626359,-2.338278532,-2.418204069,-2.406163454,-2.355515003,-2.304109097,-2.312940836,-2.257888794,-2.293453217,-2.370185375,-2.30549407,-2.272977591,
Serbia,SRB,Rule of Law: Estimate,RL.EST,,,,,,,,,,,,,,,,,,,,,,,,,,,,,,,,,,,,,-1.262493134,,-1.264376521,,-1.277987123,,-0.903619349,-0.904821992,-0.738363147,-0.948700786,-0.536948502,-0.464271188,-0.491749674,-0.474458635,-0.430014491,-0.325049341,-0.332835764,-0.298619896,-0.094555423,-0.055103466,-0.109247245,-0.16061911,-0.150462106,-0.122518986,-0.100547984,-0.091587141,
Sub-Saharan Africa (excluding high income),SSA,Rule of Law: Estimate,RL.EST,,,,,,,,,,,,,,,,,,,,,,,,,,,,,,,,,,,,,,,,,,,,,,,,,,,,,,,,,,,,,,,
South Sudan,SSD,Rule of Law: Estimate,RL.EST,,,,,,,,,,,,,,,,,,,,,,,,,,,,,,,,,,,,,,,,,,,,,,,,,,,,-1.273476243,-1.416702867,-1.535627604,-1.850915551,-1.883612156,-1.969444036,-1.962269306,-1.975192547,-1.988926291,-1.944447994,-2.045078039,
Sub-Saharan Africa,SSF,Rule of Law: Estimate,RL.EST,,,,,,,,,,,,,,,,,,,,,,,,,,,,,,,,,,,,,,,,,,,,,,,,,,,,,,,,,,,,,,,
Small states,SST,Rule of Law: Estimate,RL.EST,,,,,,,,,,,,,,,,,,,,,,,,,,,,,,,,,,,,,,,,,,,,,,,,,,,,,,,,,,,,,,,
Sao Tome and Principe,STP,Rule of Law: Estimate,RL.EST,,,,,,,,,,,,,,,,,,,,,,,,,,,,,,,,,,,,,0.268791258,,0.26272431,,0.207037777,,-0.199828878,-0.218190566,-0.231533602,-0.533665299,-0.510794938,-0.457398832,-0.494799554,-0.698571324,-0.683138371,-0.669470012,-0.74639219,-0.770315468,-0.790833831,-0.753271639,-0.673408866,-0.70994997,-0.698014081,-0.672224104,-0.677376807,-0.702518404,
Suriname,SUR,Rule of Law: Estimate,RL.EST,,,,,,,,,,,,,,,,,,,,,,,,,,,,,,,,,,,,,-0.080992602,,-0.004134504,,-0.038425419,,-0.127914935,-0.052874338,-0.179757029,-0.13585934,-0.226305485,-0.246702716,-0.234130025,-0.124648117,-0.05776104,-0.047765844,-0.06157472,-0.048841041,-0.136010766,-0.197424546,-0.158274919,-0.154022262,-0.068255588,-0.06324745,-0.110816099,-0.102680579,
Slovak Republic,SVK,Rule of Law: Estimate,RL.EST,,,,,,,,,,,,,,,,,,,,,,,,,,,,,,,,,,,,,0.159563527,,0.168831423,,0.299946576,,0.285690129,0.33178857,0.464085937,0.490570605,0.488393605,0.428628772,0.527956009,0.534014344,0.563034415,0.597754776,0.485911757,0.463612854,0.485101789,0.489146829,0.619358361,0.535937786,0.496163189,0.523336887,0.673871577,0.705730617,
Slovenia,SVN,Rule of Law: Estimate,RL.EST,,,,,,,,,,,,,,,,,,,,,,,,,,,,,,,,,,,,,1.068722963,,1.177163124,,0.967030942,,0.883090198,0.849399567,0.913738012,0.883541584,0.89984107,0.945623457,1.007849693,1.0689044,1.001982331,1.0452075,1.009067059,0.994327009,0.999612212,0.96994549,1.075280309,1.018284082,1.051102996,1.111910462,1.060341001,1.029999971,
Sweden,SWE,Rule of Law: Estimate,RL.EST,,,,,,,,,,,,,,,,,,,,,,,,,,,,,,,,,,,,,1.795861244,,1.751435757,,1.800186872,,1.842468262,1.886711001,1.872562289,1.797751307,1.851176381,1.891827822,1.91915679,1.958281636,1.930308819,1.91803658,1.928277612,1.950551629,1.9751724,2.019405603,1.982941985,1.850313783,1.816554189,1.823913097,1.797250509,1.733830452,
Eswatini,SWZ,Rule of Law: Estimate,RL.EST,,,,,,,,,,,,,,,,,,,,,,,,,,,,,,,,,,,,,-0.474024802,,-0.662509441,,-0.715451121,,-0.782026052,-0.613890231,-0.800742328,-0.879012823,-0.598636866,-0.694624126,-0.531721473,-0.480329961,-0.470664561,-0.533692062,-0.535372555,-0.492828667,-0.310973823,-0.299607903,-0.364178479,-0.256979495,-0.25770089,-0.460595191,-0.489278674,-0.561079085,
Sint Maarten (Dutch part),SXM,Rule of Law: Estimate,RL.EST,,,,,,,,,,,,,,,,,,,,,,,,,,,,,,,,,,,,,,,,,,,,,,,,,,,,,,,,,,,,,,,
Seychelles,SYC,Rule of Law: Estimate,RL.EST,,,,,,,,,,,,,,,,,,,,,,,,,,,,,,,,,,,,,0.599600136,,0.620563447,,0.72542876,,0.675584912,0.764780939,0.510814488,0.401306272,0.171267152,0.312711805,0.360625088,0.117766954,0.059988741,-0.001035369,0.058190312,0.167196572,0.250029027,0.361468285,0.310661763,0.192510903,0.306288749,0.280158222,0.279145181,0.341354221,
Syrian Arab Republic,SYR,Rule of Law: Estimate,RL.EST,,,,,,,,,,,,,,,,,,,,,,,,,,,,,,,,,,,,,-0.546156049,,-0.537084103,,-0.506055653,,-0.560230851,-0.483061969,-0.476456583,-0.594401121,-0.930595398,-0.834666193,-0.721992612,-0.579241037,-0.593127608,-0.778770328,-1.128444195,-1.406198382,-1.357715845,-1.422379732,-1.9880867,-2.090172052,-2.046649456,-2.074671745,-2.0702281,-2.070137501,
Turks and Caicos Islands,TCA,Rule of Law: Estimate,RL.EST,,,,,,,,,,,,,,,,,,,,,,,,,,,,,,,,,,,,,,,,,,,,,,,,,,,,,,,,,,,,,,,
Chad,TCD,Rule of Law: Estimate,RL.EST,,,,,,,,,,,,,,,,,,,,,,,,,,,,,,,,,,,,,-1.256111383,,-1.190580368,,-1.130994678,,-1.109009862,-1.51830554,-1.333033085,-1.503738165,-1.552998543,-1.543281198,-1.625773191,-1.526721835,-1.513559818,-1.484594107,-1.463904142,-1.397757053,-1.150422812,-1.20034802,-1.399535179,-1.309631109,-1.320605278,-1.299297214,-1.31731236,-1.325092554,
East Asia & Pacific (IDA & IBRD countries),TEA,Rule of Law: Estimate,RL.EST,,,,,,,,,,,,,,,,,,,,,,,,,,,,,,,,,,,,,,,,,,,,,,,,,,,,,,,,,,,,,,,
Europe & Central Asia (IDA & IBRD countries),TEC,Rule of Law: Estimate,RL.EST,,,,,,,,,,,,,,,,,,,,,,,,,,,,,,,,,,,,,,,,,,,,,,,,,,,,,,,,,,,,,,,
Togo,TGO,Rule of Law: Estimate,RL.EST,,,,,,,,,,,,,,,,,,,,,,,,,,,,,,,,,,,,,-0.73124963,,-0.75963217,,-0.649043918,,-0.830014586,-0.955924153,-1.10269165,-1.064425945,-0.9487499,-0.930305898,-0.833383977,-0.896127939,-0.935580134,-0.893909216,-0.948060036,-0.984186471,-0.8583318,-0.799924314,-0.635770738,-0.716015756,-0.602520525,-0.572418034,-0.65079242,-0.55933398,
Thailand,THA,Rule of Law: Estimate,RL.EST,,,,,,,,,,,,,,,,,,,,,,,,,,,,,,,,,,,,,0.539628804,,0.509335399,,0.579018056,,0.386922985,0.153711155,0.062387291,-0.007557075,-0.069355071,-0.137440488,-0.159740418,-0.260052651,-0.233622625,-0.229752526,-0.172369108,-0.139015213,-0.220252082,-0.168065548,-0.01017594,0.034209374,0.016872235,0.110140085,0.124885403,0.114909612,
Tajikistan,TJK,Rule of Law: Estimate,RL.EST,,,,,,,,,,,,,,,,,,,,,,,,,,,,,,,,,,,,,-1.648157358,,-1.533623457,,-1.381689906,,-1.083540678,-1.066578031,-1.183137178,-1.100242376,-1.182174087,-1.296047091,-1.295549631,-1.272465706,-1.212895751,-1.232399344,-1.207619905,-1.263131618,-1.011778951,-1.062076569,-1.156920433,-1.365241289,-1.293003559,-1.237105608,-1.225547194,-1.185183287,
Turkmenistan,TKM,Rule of Law: Estimate,RL.EST,,,,,,,,,,,,,,,,,,,,,,,,,,,,,,,,,,,,,-1.487391114,,-1.410501361,,-1.369858265,,-1.423979998,-1.318964601,-1.628067613,-1.611423492,-1.641041875,-1.565951347,-1.459977388,-1.453704476,-1.473316193,-1.433294535,-1.380708814,-1.361538053,-1.344346046,-1.404028058,-1.478566647,-1.469330549,-1.452797055,-1.394934177,-1.382501245,-1.441948295,
Latin America & the Caribbean (IDA & IBRD countries),TLA,Rule of Law: Estimate,RL.EST,,,,,,,,,,,,,,,,,,,,,,,,,,,,,,,,,,,,,,,,,,,,,,,,,,,,,,,,,,,,,,,
Timor-Leste,TLS,Rule of Law: Estimate,RL.EST,,,,,,,,,,,,,,,,,,,,,,,,,,,,,,,,,,,,,-1.568575501,,-1.568880916,,0.274133086,,-0.837535024,-0.429828256,-0.592411339,-0.50909394,-1.110409856,-1.20347333,-1.050704479,-1.202965498,-1.18515873,-1.186765313,-1.143766642,-1.212670445,-1.112548113,-1.112151623,-1.161128759,-1.162479758,-1.122921586,-1.109201193,-1.168607473,-0.998198092,
Middle East & North Africa (IDA & IBRD countries),TMN,Rule of Law: Estimate,RL.EST,,,,,,,,,,,,,,,,,,,,,,,,,,,,,,,,,,,,,,,,,,,,,,,,,,,,,,,,,,,,,,,
Tonga,TON,Rule of Law: Estimate,RL.EST,,,,,,,,,,,,,,,,,,,,,,,,,,,,,,,,,,,,,0.809140563,,0.876508176,,0.839712262,,0.833945811,-0.174448386,0.014129568,0.559429646,0.619174004,0.503692031,0.106922202,-0.070649169,0.099881336,0.010710749,-0.023023434,0.0174511,-0.160119161,-0.232652798,0.31864953,0.333754569,0.44284308,0.504024446,0.507442892,0.446720064,
South Asia (IDA & IBRD),TSA,Rule of Law: Estimate,RL.EST,,,,,,,,,,,,,,,,,,,,,,,,,,,,,,,,,,,,,,,,,,,,,,,,,,,,,,,,,,,,,,,
Sub-Saharan Africa (IDA & IBRD countries),TSS,Rule of Law: Estimate,RL.EST,,,,,,,,,,,,,,,,,,,,,,,,,,,,,,,,,,,,,,,,,,,,,,,,,,,,,,,,,,,,,,,
Trinidad and Tobago,TTO,Rule of Law: Estimate,RL.EST,,,,,,,,,,,,,,,,,,,,,,,,,,,,,,,,,,,,,0.534295142,,0.59451288,,0.413654536,,0.435027242,0.234208837,0.036098801,-0.007824289,-0.226843059,-0.151492447,-0.225084588,-0.207649529,-0.198580101,-0.179331794,-0.166715115,-0.204375163,-0.106046513,-0.134540498,-0.191513568,-0.111858994,-0.149154514,-0.149334028,-0.152446568,-0.136173189,
Tunisia,TUN,Rule of Law: Estimate,RL.EST,,,,,,,,,,,,,,,,,,,,,,,,,,,,,,,,,,,,,-0.30340305,,-0.319455385,,-0.280462772,,-0.166766956,-0.190574974,0.046694163,-0.036268614,0.112958908,0.080828972,0.079568602,0.119992301,0.038853329,-0.192856058,-0.163849369,-0.178690434,-0.068618946,-0.02608058,0.040118434,0.113977797,0.074436992,0.110084668,0.172943667,0.095635317,
Turkiye,TUR,Rule of Law: Estimate,RL.EST,,,,,,,,,,,,,,,,,,,,,,,,,,,,,,,,,,,,,-0.13879478,,-0.099510565,,-0.070946209,,-0.082183205,0.103039585,0.084699281,0.117468551,-0.003374322,-0.035805915,0.022844687,0.04890855,0.049980123,0.015457718,-0.036608554,-0.004461078,-0.075808413,-0.212900102,-0.326979637,-0.300738305,-0.37299633,-0.330669433,-0.408490777,-0.416483223,
Tuvalu,TUV,Rule of Law: Estimate,RL.EST,,,,,,,,,,,,,,,,,,,,,,,,,,,,,,,,,,,,,0.809140563,,0.876508176,,0.839712262,,0.833945811,0.83328414,0.762897849,1.261578798,1.079418302,0.991006613,0.977942824,1.016330481,0.992874682,0.993217349,0.559754252,0.591498137,0.507215321,0.492276996,0.595923543,0.670279622,0.655038714,0.568812311,0.666828394,0.720773041,
Tanzania,TZA,Rule of Law: Estimate,RL.EST,,,,,,,,,,,,,,,,,,,,,,,,,,,,,,,,,,,,,-0.186238185,,-0.16628775,,-0.337012172,,-0.341501385,-0.308773816,-0.389665663,-0.286303788,-0.444665194,-0.378879935,-0.355245709,-0.48013407,-0.486346453,-0.514893711,-0.537633419,-0.477214456,-0.400824994,-0.382719696,-0.381647199,-0.452619135,-0.556250811,-0.553331435,-0.587953031,-0.523068845,
Uganda,UGA,Rule of Law: Estimate,RL.EST,,,,,,,,,,,,,,,,,,,,,,,,,,,,,,,,,,,,,-0.580390334,,-0.646357477,,-0.866051257,,-0.69790113,-0.540637612,-0.693985939,-0.542147875,-0.325426668,-0.357663184,-0.34488222,-0.411506861,-0.39686957,-0.35968861,-0.35627982,-0.346435457,-0.394620955,-0.403002024,-0.25625506,-0.302254438,-0.305410147,-0.328430355,-0.336310804,-0.352073669,
Ukraine,UKR,Rule of Law: Estimate,RL.EST,,,,,,,,,,,,,,,,,,,,,,,,,,,,,,,,,,,,,-0.823546648,,-0.982280314,,-1.093720078,,-0.843995512,-0.823217571,-0.775088072,-0.804544687,-0.821370304,-0.746359885,-0.703015566,-0.786728382,-0.844159186,-0.851141274,-0.817339003,-0.844641566,-0.829405069,-0.855242252,-0.802492976,-0.739619017,-0.743864179,-0.724594474,-0.690148473,-0.659907997,
Upper middle income,UMC,Rule of Law: Estimate,RL.EST,,,,,,,,,,,,,,,,,,,,,,,,,,,,,,,,,,,,,,,,,,,,,,,,,,,,,,,,,,,,,,,
Uruguay,URY,Rule of Law: Estimate,RL.EST,,,,,,,,,,,,,,,,,,,,,,,,,,,,,,,,,,,,,0.561770856,,0.617432356,,0.556891263,,0.674292743,0.656516373,0.456370503,0.458849579,0.551547348,0.600704789,0.613664508,0.755774736,0.786790609,0.731594443,0.614688694,0.576835692,0.761916339,0.761851609,0.642403901,0.58129698,0.595441699,0.629673481,0.681005836,0.732000947,
United States,USA,Rule of Law: Estimate,RL.EST,,,,,,,,,,,,,,,,,,,,,,,,,,,,,,,,,,,,,1.500218987,,1.566960216,,1.564632893,,1.516905546,1.554449558,1.418304443,1.528270125,1.592660189,1.611145735,1.628714204,1.591320157,1.631022215,1.590986013,1.620341778,1.549293876,1.606930375,1.590112329,1.608876348,1.638507485,1.505745649,1.453735709,1.360762954,1.416656494,
Uzbekistan,UZB,Rule of Law: Estimate,RL.EST,,,,,,,,,,,,,,,,,,,,,,,,,,,,,,,,,,,,,-1.239178658,,-1.25742805,,-1.200798869,,-1.440067172,-1.246617198,-1.336809754,-1.478708982,-1.453594685,-1.224704981,-1.17363584,-1.326195478,-1.416641831,-1.452401876,-1.299275875,-1.235225201,-1.134198904,-1.133775353,-1.12107563,-1.120315433,-1.086158276,-1.060045958,-1.077237129,-0.886045158,
St. Vincent and the Grenadines,VCT,Rule of Law: Estimate,RL.EST,,,,,,,,,,,,,,,,,,,,,,,,,,,,,,,,,,,,,0.809140563,,0.876508176,,0.839712262,,0.833945811,0.83328414,0.866565824,0.826629877,0.873946965,0.695627749,0.965724766,0.91862005,0.883622527,0.966215849,0.987828314,0.963633358,0.614199519,0.646719754,0.454097331,0.453161716,0.468614161,0.475298375,0.619265139,0.607159257,
"Venezuela, RB",VEN,Rule of Law: Estimate,RL.EST,,,,,,,,,,,,,,,,,,,,,,,,,,,,,,,,,,,,,-0.750197589,,-0.706548154,,-0.865234494,,-1.159012079,-1.336354256,-1.256648779,-1.258513927,-1.409444451,-1.570480943,-1.635781407,-1.625952482,-1.669150472,-1.686401486,-1.71477735,-1.785813451,-1.909058452,-2.041349173,-2.264226675,-2.254807711,-2.261155844,-2.253593683,-2.331560612,-2.295974493,
British Virgin Islands,VGB,Rule of Law: Estimate,RL.EST,,,,,,,,,,,,,,,,,,,,,,,,,,,,,,,,,,,,,,,,,,,,,,,,,,,,,,,,,,,,,,,
Virgin Islands (U.S.),VIR,Rule of Law: Estimate,RL.EST,,,,,,,,,,,,,,,,,,,,,,,,,,,,,,,,,,,,,,,,,,,,,1.193938255,1.109415412,1.069221497,0.826464057,0.847226143,0.856926978,0.847112179,0.829746902,0.834794283,0.842209876,0.019607974,0.87931776,0.621994913,0.622247577,1.112615824,1.083817363,0.933480501,0.950291753,
Vietnam,VNM,Rule of Law: Estimate,RL.EST,,,,,,,,,,,,,,,,,,,,,,,,,,,,,,,,,,,,,-0.482426614,,-0.402721375,,-0.345562547,,-0.679001629,-0.636823535,-0.604071081,-0.317553699,-0.518898845,-0.490206182,-0.464453906,-0.531529665,-0.581304908,-0.541880786,-0.554923773,-0.51548928,-0.360538632,-0.344360977,0.083816513,0.063180529,-0.013494627,-0.027242661,-0.162950411,-0.146356195,
Vanuatu,VUT,Rule of Law: Estimate,RL.EST,,,,,,,,,,,,,,,,,,,,,,,,,,,,,,,,,,,,,0.323560953,,0.333779961,,0.897578895,,0.895070076,0.911131322,0.460913152,0.517324984,0.567534447,0.590501487,0.509779751,0.408267707,0.264050841,0.298266947,0.335755438,0.366945237,0.230402738,0.145695299,0.435380578,0.567691624,0.421642751,0.22112903,0.318154901,0.458427578,
World,WLD,Rule of Law: Estimate,RL.EST,,,,,,,,,,,,,,,,,,,,,,,,,,,,,,,,,,,,,,,,,,,,,,,,,,,,,,,,,,,,,,,
Samoa,WSM,Rule of Law: Estimate,RL.EST,,,,,,,,,,,,,,,,,,,,,,,,,,,,,,,,,,,,,0.947909057,,0.959765494,,0.978470504,,1.259713531,1.271467805,0.989858389,1.11041069,0.987025738,0.95132494,0.851571798,0.668311,0.679114759,0.726216853,0.737992704,0.753769517,0.797605693,0.777600169,0.903129756,0.96954,0.94696641,1.162658334,1.022425175,0.891396165,
Kosovo,XKX,Rule of Law: Estimate,RL.EST,,,,,,,,,,,,,,,,,,,,,,,,,,,,,,,,,,,,,,,,,-0.023830879,,-0.062605441,-0.833982408,-0.795212448,-0.821679115,-0.858364582,-0.757999122,-0.627310276,-0.593889713,-0.609969199,-0.519360542,-0.526741982,-0.542661846,-0.464199781,-0.459004164,-0.339041471,-0.416558087,-0.364413083,-0.390173882,-0.380338043,-0.274583757,
"Yemen, Rep.",YEM,Rule of Law: Estimate,RL.EST,,,,,,,,,,,,,,,,,,,,,,,,,,,,,,,,,,,,,-1.379763603,,-1.392270207,,-1.457241654,,-1.473910689,-1.26041019,-1.233476639,-1.267335534,-1.039284348,-0.969070315,-0.984243035,-1.093294859,-1.092339396,-1.29189229,-1.277677536,-1.186562181,-1.195837498,-1.272374272,-1.6683954,-1.756819725,-1.797785282,-1.782238603,-1.775497437,-1.798878312,
South Africa,ZAF,Rule of Law: Estimate,RL.EST,,,,,,,,,,,,,,,,,,,,,,,,,,,,,,,,,,,,,0.087929197,,0.157686293,,0.148772299,,0.027391721,0.037599266,0.004516266,-0.011951254,0.181309819,0.000255581,0.005417761,0.072423071,0.097749457,0.129662588,0.084444158,0.13549374,0.155454814,0.036860969,0.063835822,-0.135990173,-0.202013463,-0.123172171,-0.179914132,0.130612433,
Zambia,ZMB,Rule of Law: Estimate,RL.EST,,,,,,,,,,,,,,,,,,,,,,,,,,,,,,,,,,,,,-0.531715393,,-0.468716353,,-0.5328269,,-0.349135816,-0.381814122,-0.479586214,-0.517538428,-0.549666524,-0.529506207,-0.404740959,-0.479686052,-0.496428072,-0.456424236,-0.360225439,-0.261999786,-0.224575788,-0.219869152,-0.295076191,-0.321294725,-0.339549124,-0.46354416,-0.632692277,-0.593126953,
Zimbabwe,ZWE,Rule of Law: Estimate,RL.EST,,,,,,,,,,,,,,,,,,,,,,,,,,,,,,,,,,,,,-0.814238489,,-0.774310112,,-1.381908417,,-1.596318245,-1.60702157,-1.688897371,-1.834908366,-1.751685381,-1.808640599,-1.791505337,-1.870020509,-1.837631822,-1.793949366,-1.630184054,-1.5872612,-1.441469073,-1.324131131,-1.381370187,-1.385255933,-1.278994799,-1.292070866,-1.307896972,-1.260688782,
